record,start_seconds,end_seconds,spo2_ref,spo2_est,pi_red,pi_ir,ppg_hr
s10_sit,0.0,30.0,96.5,98.11,1.15,2.58,73.23
s10_sit,10.0,40.0,96.5,98.08,0.96,2.1,75.52
s10_sit,20.0,50.0,96.5,98.07,0.63,1.35,78.21
s10_sit,30.0,60.0,96.5,98.06,0.35,0.75,82.85
s10_sit,40.0,70.0,96.5,98.06,0.27,0.57,86.21
s10_sit,50.0,80.0,96.5,98.06,0.26,0.55,85.45
s10_sit,60.0,90.0,96.5,98.04,0.32,0.67,81.94
s10_sit,70.0,100.0,96.5,98.05,0.44,0.93,77.24
s10_sit,80.0,110.0,96.5,98.07,0.58,1.27,73.0
s10_sit,90.0,120.0,96.5,98.08,0.8,1.74,70.25
s10_sit,100.0,130.0,96.5,98.11,0.96,2.15,68.72
s10_sit,110.0,140.0,96.5,98.13,1.02,2.32,70.74
s10_sit,120.0,150.0,96.5,98.13,0.87,1.98,77.28
s10_sit,130.0,160.0,96.5,98.12,0.67,1.52,80.87
s10_sit,140.0,170.0,96.5,98.11,0.67,1.51,78.89
s10_sit,150.0,180.0,96.5,98.1,0.62,1.39,77.35
s10_sit,160.0,190.0,96.5,98.11,0.76,1.71,74.94
s10_sit,170.0,200.0,96.5,98.11,0.83,1.86,74.41
s10_sit,180.0,210.0,96.5,98.12,1.07,2.44,70.16
s10_sit,190.0,220.0,96.5,98.13,1.2,2.74,68.07
s10_sit,200.0,230.0,96.5,98.13,1.29,2.94,66.14
s10_sit,210.0,240.0,96.5,98.12,1.31,2.96,67.17
s10_sit,220.0,250.0,96.5,98.11,1.32,2.96,68.68
s10_sit,230.0,260.0,96.5,98.11,1.22,2.73,72.9
s10_sit,240.0,270.0,96.5,98.1,1.19,2.66,73.93
s10_sit,250.0,280.0,96.5,98.1,1.16,2.59,76.21
s10_sit,260.0,290.0,96.5,98.1,1.26,2.79,74.82
s10_sit,270.0,300.0,96.5,98.1,1.21,2.69,76.16
s10_sit,280.0,310.0,96.5,98.1,1.18,2.63,74.62
s10_sit,290.0,320.0,96.5,98.1,1.2,2.66,73.9
s10_sit,300.0,330.0,96.5,98.1,1.21,2.68,74.88
s10_sit,310.0,340.0,96.5,98.1,1.1,2.45,78.21
s10_sit,320.0,350.0,96.5,98.1,1.11,2.47,78.24
s10_sit,330.0,360.0,96.5,98.1,1.17,2.6,75.72
s10_sit,340.0,370.0,96.5,98.1,1.27,2.82,72.47
s10_sit,350.0,380.0,96.5,98.1,1.31,2.91,70.94
s10_sit,360.0,390.0,96.5,98.1,1.29,2.85,71.2
s10_sit,370.0,400.0,96.5,98.1,1.21,2.67,71.65
s10_sit,380.0,410.0,96.5,98.1,1.15,2.56,73.96
s10_sit,390.0,420.0,96.5,98.09,1.19,2.62,75.43
s10_sit,400.0,430.0,96.5,98.08,1.24,2.73,76.58
s10_sit,410.0,440.0,96.5,98.1,1.27,2.82,74.37
s10_sit,420.0,450.0,96.5,98.09,1.3,2.84,73.74
s10_sit,430.0,460.0,96.5,98.08,1.32,2.88,71.86
s10_sit,440.0,470.0,96.5,98.08,1.21,2.64,72.31
s10_sit,450.0,480.0,96.5,98.08,1.08,2.36,74.2
s10_sit,455.684,485.684,96.5,98.08,1.0,2.17,73.9
s11_sit,0.0,30.0,97.5,98.41,0.06,0.18,64.57
s11_sit,10.0,40.0,97.5,98.29,0.08,0.21,68.39
s11_sit,20.0,50.0,97.5,98.32,0.08,0.23,72.14
s11_sit,30.0,60.0,97.5,98.19,0.09,0.23,72.47
s11_sit,40.0,70.0,97.5,98.17,0.1,0.23,72.57
s11_sit,50.0,80.0,97.5,98.13,0.11,0.24,73.08
s11_sit,60.0,90.0,97.5,98.18,0.11,0.27,73.78
s11_sit,70.0,100.0,97.5,98.13,0.14,0.31,72.86
s11_sit,80.0,110.0,97.5,98.14,0.13,0.3,74.98
s11_sit,90.0,120.0,97.5,98.11,0.12,0.27,75.89
s11_sit,100.0,130.0,97.5,98.09,0.12,0.27,74.2
s11_sit,110.0,140.0,97.5,98.12,0.14,0.32,68.19
s11_sit,120.0,150.0,97.5,98.11,0.16,0.37,68.85
s11_sit,130.0,160.0,97.5,98.14,0.18,0.42,67.85
s11_sit,140.0,170.0,97.5,98.12,0.19,0.43,69.26
s11_sit,150.0,180.0,97.5,98.1,0.19,0.42,68.57
s11_sit,160.0,190.0,97.5,98.1,0.18,0.41,68.0
s11_sit,170.0,200.0,97.5,98.13,0.17,0.39,72.16
s11_sit,180.0,210.0,97.5,98.15,0.16,0.37,73.31
s11_sit,190.0,220.0,97.5,98.12,0.15,0.35,75.11
s11_sit,200.0,230.0,97.5,98.12,0.17,0.39,71.36
s11_sit,210.0,240.0,97.5,98.11,0.19,0.43,69.41
s11_sit,220.0,250.0,97.5,98.11,0.22,0.49,67.59
s11_sit,230.0,260.0,97.5,98.11,0.22,0.49,67.89
s11_sit,240.0,270.0,97.5,98.12,0.2,0.45,68.89
s11_sit,250.0,280.0,97.5,98.14,0.16,0.37,72.92
s11_sit,260.0,290.0,97.5,98.15,0.13,0.31,74.7
s11_sit,270.0,300.0,97.5,98.16,0.11,0.26,74.2
s11_sit,280.0,310.0,97.5,98.14,0.09,0.21,70.91
s11_sit,290.0,320.0,97.5,98.11,0.08,0.18,71.35
s11_sit,300.0,330.0,97.5,98.13,0.08,0.17,70.8
s11_sit,310.0,340.0,97.5,98.12,0.09,0.19,72.8
s11_sit,320.0,350.0,97.5,98.17,0.08,0.2,72.34
s11_sit,330.0,360.0,97.5,98.15,0.09,0.2,74.78
s11_sit,340.0,370.0,97.5,98.15,0.09,0.21,76.28
s11_sit,350.0,380.0,97.5,98.11,0.11,0.24,74.44
s11_sit,360.0,390.0,97.5,98.1,0.12,0.27,73.88
s11_sit,370.0,400.0,97.5,98.1,0.12,0.27,74.47
s11_sit,380.0,410.0,97.5,98.09,0.13,0.29,76.26
s11_sit,390.0,420.0,97.5,98.1,0.15,0.32,76.68
s11_sit,400.0,430.0,97.5,98.12,0.15,0.34,76.8
s11_sit,410.0,440.0,97.5,98.15,0.17,0.39,74.47
s11_sit,420.0,450.0,97.5,98.13,0.16,0.36,74.26
s11_sit,430.0,460.0,97.5,98.11,0.16,0.36,73.74
s11_sit,440.0,470.0,97.5,98.12,0.14,0.31,73.78
s11_sit,450.0,480.0,97.5,98.07,0.15,0.32,70.19
s11_sit,457.172,487.172,97.5,98.12,0.16,0.35,69.32
s12_sit,0.0,30.0,96.0,98.22,0.38,0.93,76.7
s12_sit,10.0,40.0,96.0,98.23,0.32,0.8,75.41
s12_sit,20.0,50.0,96.0,98.19,0.37,0.9,71.43
s12_sit,30.0,60.0,96.0,98.18,0.46,1.11,70.62
s12_sit,40.0,70.0,96.0,98.16,0.53,1.26,69.91
s12_sit,50.0,80.0,96.0,98.18,0.53,1.28,70.56
s12_sit,60.0,90.0,96.0,98.16,0.55,1.3,69.81
s12_sit,70.0,100.0,96.0,98.18,0.54,1.29,70.99
s12_sit,80.0,110.0,96.0,98.17,0.54,1.29,71.57
s12_sit,90.0,120.0,96.0,98.19,0.54,1.31,71.65
s12_sit,100.0,130.0,96.0,98.19,0.52,1.26,72.68
s12_sit,110.0,140.0,96.0,98.2,0.53,1.29,72.98
s12_sit,120.0,150.0,96.0,98.2,0.52,1.28,74.47
s12_sit,130.0,160.0,96.0,98.17,0.53,1.26,74.55
s12_sit,140.0,170.0,96.0,98.19,0.54,1.3,72.62
s12_sit,150.0,180.0,96.0,98.19,0.55,1.31,73.12
s12_sit,160.0,190.0,96.0,98.18,0.54,1.29,74.24
s12_sit,170.0,200.0,96.0,98.18,0.54,1.29,74.56
s12_sit,180.0,210.0,96.0,98.17,0.55,1.3,73.04
s12_sit,190.0,220.0,96.0,98.2,0.52,1.27,71.34
s12_sit,200.0,230.0,96.0,98.2,0.5,1.22,71.18
s12_sit,210.0,240.0,96.0,98.24,0.47,1.19,71.49
s12_sit,220.0,250.0,96.0,98.18,0.44,1.05,74.06
s12_sit,230.0,260.0,96.0,98.2,0.36,0.87,73.37
s12_sit,240.0,270.0,96.0,98.2,0.33,0.79,74.74
s12_sit,250.0,280.0,96.0,98.22,0.35,0.87,71.82
s12_sit,260.0,290.0,96.0,98.22,0.4,0.99,71.57
s12_sit,270.0,300.0,96.0,98.21,0.4,1.0,70.78
s12_sit,280.0,310.0,96.0,98.24,0.41,1.03,70.25
s12_sit,290.0,320.0,96.0,98.23,0.43,1.09,69.94
s12_sit,300.0,330.0,96.0,98.23,0.42,1.05,71.67
s12_sit,310.0,340.0,96.0,98.23,0.4,1.01,71.77
s12_sit,320.0,350.0,96.0,98.24,0.39,1.0,72.66
s12_sit,330.0,360.0,96.0,98.24,0.43,1.09,70.14
s12_sit,340.0,370.0,96.0,98.21,0.48,1.18,70.95
s12_sit,350.0,380.0,96.0,98.2,0.51,1.26,71.73
s12_sit,360.0,390.0,96.0,98.19,0.53,1.29,72.86
s12_sit,370.0,400.0,96.0,98.18,0.54,1.31,73.68
s12_sit,380.0,410.0,96.0,98.18,0.54,1.29,75.36
s12_sit,390.0,420.0,96.0,98.19,0.53,1.28,76.58
s12_sit,400.0,430.0,96.0,98.2,0.52,1.26,77.49
s12_sit,410.0,440.0,96.0,98.21,0.5,1.25,76.16
s12_sit,420.0,450.0,96.0,98.21,0.51,1.26,73.53
s12_sit,430.0,460.0,96.0,98.19,0.53,1.28,71.67
s12_sit,440.0,470.0,96.0,98.16,0.55,1.29,73.45
s12_sit,450.0,480.0,96.0,98.17,0.54,1.29,75.19
s12_sit,455.918,485.918,96.0,98.18,0.53,1.27,75.45
s13_sit,0.0,30.0,97.5,98.2,0.36,0.88,70.7
s13_sit,10.0,40.0,97.5,98.21,0.39,0.96,68.61
s13_sit,20.0,50.0,97.5,98.2,0.44,1.08,67.3
s13_sit,30.0,60.0,97.5,98.2,0.48,1.18,67.13
s13_sit,40.0,70.0,97.5,98.19,0.5,1.22,67.18
s13_sit,50.0,80.0,97.5,98.18,0.47,1.12,69.08
s13_sit,60.0,90.0,97.5,98.18,0.42,1.01,69.77
s13_sit,70.0,100.0,97.5,98.18,0.38,0.91,72.2
s13_sit,80.0,110.0,97.5,98.19,0.35,0.84,72.68
s13_sit,90.0,120.0,97.5,98.21,0.37,0.91,73.55
s13_sit,100.0,130.0,97.5,98.21,0.38,0.94,75.85
s13_sit,110.0,140.0,97.5,98.21,0.41,1.02,75.07
s13_sit,120.0,150.0,97.5,98.21,0.39,0.96,75.05
s13_sit,130.0,160.0,97.5,98.2,0.39,0.95,74.39
s13_sit,140.0,170.0,97.5,98.22,0.39,0.96,74.02
s13_sit,150.0,180.0,97.5,98.21,0.42,1.04,72.32
s13_sit,160.0,190.0,97.5,98.21,0.41,1.02,70.64
s13_sit,170.0,200.0,97.5,98.2,0.42,1.03,70.8
s13_sit,180.0,210.0,97.5,98.22,0.41,1.02,72.35
s13_sit,190.0,220.0,97.5,98.23,0.45,1.13,72.86
s13_sit,200.0,230.0,97.5,98.23,0.44,1.11,74.94
s13_sit,210.0,240.0,97.5,98.22,0.42,1.05,76.26
s13_sit,220.0,250.0,97.5,98.2,0.38,0.94,77.39
s13_sit,230.0,260.0,97.5,98.19,0.36,0.87,75.7
s13_sit,240.0,270.0,97.5,98.2,0.39,0.96,72.72
s13_sit,250.0,280.0,97.5,98.19,0.45,1.09,73.32
s13_sit,260.0,290.0,97.5,98.2,0.48,1.17,74.72
s13_sit,270.0,300.0,97.5,98.2,0.48,1.17,74.65
s13_sit,280.0,310.0,97.5,98.21,0.46,1.14,74.08
s13_sit,290.0,320.0,97.5,98.22,0.47,1.15,74.28
s13_sit,300.0,330.0,97.5,98.21,0.46,1.14,74.47
s13_sit,310.0,340.0,97.5,98.21,0.45,1.11,75.31
s13_sit,320.0,350.0,97.5,98.21,0.44,1.08,75.72
s13_sit,330.0,360.0,97.5,98.19,0.42,1.02,75.11
s13_sit,340.0,370.0,97.5,98.17,0.4,0.95,72.61
s13_sit,350.0,380.0,97.5,98.16,0.38,0.91,71.1
s13_sit,360.0,390.0,97.5,98.18,0.4,0.96,70.68
s13_sit,370.0,400.0,97.5,98.19,0.37,0.88,72.2
s13_sit,380.0,410.0,97.5,98.18,0.29,0.71,75.83
s13_sit,390.0,420.0,97.5,98.17,0.25,0.6,79.68
s13_sit,400.0,430.0,97.5,98.19,0.29,0.7,79.46
s13_sit,410.0,440.0,97.5,98.18,0.34,0.81,78.8
s13_sit,420.0,450.0,97.5,98.18,0.35,0.83,79.4
s13_sit,430.0,460.0,97.5,98.15,0.33,0.76,82.22
s13_sit,440.0,470.0,97.5,98.16,0.33,0.78,81.28
s13_sit,450.0,480.0,97.5,98.18,0.29,0.69,82.2
s13_sit,457.09,487.09,97.5,98.16,0.32,0.76,79.21
s14_sit,0.0,30.0,96.5,98.06,0.19,0.41,56.15
s14_sit,10.0,40.0,96.5,98.04,0.16,0.35,56.38
s14_sit,20.0,50.0,96.5,98.19,0.16,0.4,54.41
s14_sit,30.0,60.0,96.5,98.16,0.19,0.45,55.42
s14_sit,40.0,70.0,96.5,98.23,0.21,0.52,54.66
s14_sit,50.0,80.0,96.5,98.21,0.24,0.6,54.78
s14_sit,60.0,90.0,96.5,98.25,0.24,0.62,55.67
s14_sit,70.0,100.0,96.5,98.26,0.25,0.65,55.35
s14_sit,80.0,110.0,96.5,98.29,0.26,0.68,55.21
s14_sit,90.0,120.0,96.5,98.29,0.27,0.71,55.45
s14_sit,100.0,130.0,96.5,98.22,0.3,0.75,53.41
s14_sit,110.0,140.0,96.5,98.15,0.32,0.75,52.48
s14_sit,120.0,150.0,96.5,98.11,0.36,0.81,52.42
s14_sit,130.0,160.0,96.5,98.1,0.39,0.88,52.69
s14_sit,140.0,170.0,96.5,98.1,0.43,0.95,52.02
s14_sit,150.0,180.0,96.5,98.1,0.45,1.02,51.57
s14_sit,160.0,190.0,96.5,98.09,0.45,0.99,52.33
s14_sit,170.0,200.0,96.5,98.12,0.45,1.03,52.78
s14_sit,180.0,210.0,96.5,98.09,0.46,1.0,52.13
s14_sit,190.0,220.0,96.5,98.07,0.43,0.94,51.57
s14_sit,200.0,230.0,96.5,98.06,0.41,0.87,51.04
s14_sit,210.0,240.0,96.5,98.06,0.41,0.88,50.05
s14_sit,220.0,250.0,96.5,98.08,0.4,0.88,52.17
s14_sit,230.0,260.0,96.5,98.13,0.32,0.74,52.14
s14_sit,240.0,270.0,96.5,98.12,0.23,0.52,52.14
s14_sit,250.0,280.0,96.5,98.11,0.18,0.4,54.15
s14_sit,260.0,290.0,96.5,98.17,0.2,0.47,57.78
s14_sit,270.0,300.0,96.5,98.15,0.21,0.5,57.38
s14_sit,280.0,310.0,96.5,98.18,0.22,0.53,56.47
s14_sit,290.0,320.0,96.5,98.16,0.23,0.55,55.26
s14_sit,300.0,330.0,96.5,98.21,0.23,0.58,54.46
s14_sit,310.0,340.0,96.5,98.25,0.24,0.61,54.05
s14_sit,320.0,350.0,96.5,98.26,0.21,0.54,53.66
s14_sit,330.0,360.0,96.5,98.27,0.21,0.55,53.08
s14_sit,340.0,370.0,96.5,98.24,0.18,0.47,54.15
s14_sit,350.0,380.0,96.5,98.21,0.18,0.44,54.63
s14_sit,360.0,390.0,96.5,98.21,0.16,0.39,58.16
s14_sit,370.0,400.0,96.5,98.16,0.16,0.36,58.83
s14_sit,380.0,410.0,96.5,98.18,0.17,0.4,56.93
s14_sit,390.0,420.0,96.5,98.18,0.21,0.51,52.72
s14_sit,400.0,430.0,96.5,98.24,0.28,0.7,52.73
s14_sit,410.0,440.0,96.5,98.2,0.34,0.83,52.15
s14_sit,420.0,450.0,96.5,98.17,0.37,0.88,52.92
s14_sit,430.0,460.0,96.5,98.2,0.38,0.93,52.12
s14_sit,440.0,470.0,96.5,98.18,0.4,0.95,52.5
s14_sit,450.0,480.0,96.5,98.18,0.41,0.99,53.17
s14_sit,460.0,490.0,96.5,98.19,0.4,0.98,52.99
s14_sit,466.144,496.144,96.5,98.12,0.44,0.99,52.17
s15_sit,0.0,30.0,98.5,98.18,0.05,0.13,87.02
s15_sit,10.0,40.0,98.5,98.21,0.06,0.15,88.61
s15_sit,20.0,50.0,98.5,98.25,0.06,0.16,90.57
s15_sit,30.0,60.0,98.5,98.32,0.07,0.18,84.65
s15_sit,40.0,70.0,98.5,98.38,0.07,0.19,81.82
s15_sit,50.0,80.0,98.5,98.46,0.07,0.21,80.06
s15_sit,60.0,90.0,98.5,98.51,0.07,0.23,77.9
s15_sit,70.0,100.0,98.5,98.45,0.08,0.24,76.96
s15_sit,80.0,110.0,98.5,98.27,0.1,0.25,82.95
s15_sit,90.0,120.0,98.5,98.17,0.09,0.22,90.82
s15_sit,100.0,130.0,98.5,98.09,0.09,0.21,96.08
s15_sit,110.0,140.0,98.5,98.05,0.09,0.2,91.42
s15_sit,120.0,150.0,98.5,98.15,0.09,0.2,84.72
s15_sit,130.0,160.0,98.5,98.08,0.08,0.18,85.95
s15_sit,140.0,170.0,98.5,98.03,0.08,0.17,88.29
s15_sit,150.0,180.0,98.5,97.91,0.08,0.16,90.24
s15_sit,160.0,190.0,98.5,97.94,0.09,0.16,83.68
s15_sit,170.0,200.0,98.5,97.85,0.09,0.15,85.05
s15_sit,180.0,210.0,98.5,97.81,0.08,0.14,87.55
s15_sit,190.0,220.0,98.5,97.76,0.08,0.12,88.88
s15_sit,200.0,230.0,98.5,97.71,0.08,0.12,83.93
s15_sit,210.0,240.0,98.5,97.74,0.08,0.13,76.62
s15_sit,220.0,250.0,98.5,97.74,0.08,0.12,82.62
s15_sit,230.0,260.0,98.5,97.74,0.07,0.11,84.64
s15_sit,240.0,270.0,98.5,97.72,0.07,0.11,86.12
s15_sit,250.0,280.0,98.5,97.77,0.06,0.1,84.23
s15_sit,260.0,290.0,98.5,97.76,0.07,0.11,80.18
s15_sit,270.0,300.0,98.5,97.89,0.06,0.11,79.32
s15_sit,280.0,310.0,98.5,97.81,0.07,0.12,80.41
s15_sit,290.0,320.0,98.5,97.82,0.06,0.1,86.02
s15_sit,300.0,330.0,98.5,97.81,0.06,0.11,78.47
s15_sit,310.0,340.0,98.5,97.88,0.06,0.1,81.35
s15_sit,320.0,350.0,98.5,97.95,0.05,0.1,80.08
s15_sit,330.0,360.0,98.5,97.83,0.05,0.09,82.22
s15_sit,340.0,370.0,98.5,97.98,0.05,0.1,80.22
s15_sit,350.0,380.0,98.5,98.05,0.05,0.11,80.22
s15_sit,360.0,390.0,98.5,98.12,0.06,0.12,78.32
s15_sit,370.0,400.0,98.5,98.26,0.05,0.14,77.0
s15_sit,380.0,410.0,98.5,98.26,0.06,0.15,77.96
s15_sit,390.0,420.0,98.5,98.3,0.05,0.15,82.54
s15_sit,400.0,430.0,98.5,98.33,0.05,0.14,84.77
s15_sit,410.0,440.0,98.5,98.27,0.06,0.14,86.59
s15_sit,420.0,450.0,98.5,98.16,0.06,0.15,86.74
s15_sit,430.0,460.0,98.5,98.1,0.06,0.14,84.41
s15_sit,440.0,470.0,98.5,98.13,0.06,0.13,80.22
s15_sit,450.0,480.0,98.5,98.08,0.06,0.13,78.19
s15_sit,454.374,484.374,98.5,98.08,0.06,0.13,84.21
s16_sit,0.0,30.0,97.0,98.28,0.64,1.7,68.19
s16_sit,10.0,40.0,97.0,98.32,0.63,1.73,65.2
s16_sit,20.0,50.0,97.0,98.33,0.63,1.73,63.63
s16_sit,30.0,60.0,97.0,98.33,0.62,1.71,63.1
s16_sit,40.0,70.0,97.0,98.34,0.62,1.71,62.59
s16_sit,50.0,80.0,97.0,98.33,0.62,1.69,61.21
s16_sit,60.0,90.0,97.0,98.32,0.62,1.69,60.12
s16_sit,70.0,100.0,97.0,98.32,0.62,1.69,61.08
s16_sit,80.0,110.0,97.0,98.32,0.61,1.67,63.44
s16_sit,90.0,120.0,97.0,98.32,0.6,1.65,65.13
s16_sit,100.0,130.0,97.0,98.32,0.58,1.59,66.49
s16_sit,110.0,140.0,97.0,98.33,0.58,1.59,65.38
s16_sit,120.0,150.0,97.0,98.33,0.57,1.58,65.13
s16_sit,130.0,160.0,97.0,98.33,0.59,1.63,64.18
s16_sit,140.0,170.0,97.0,98.33,0.58,1.61,65.36
s16_sit,150.0,180.0,97.0,98.33,0.58,1.6,65.15
s16_sit,160.0,190.0,97.0,98.33,0.57,1.58,65.51
s16_sit,170.0,200.0,97.0,98.36,0.55,1.57,65.08
s16_sit,180.0,210.0,97.0,98.34,0.58,1.6,63.58
s16_sit,190.0,220.0,97.0,98.35,0.58,1.63,63.44
s16_sit,200.0,230.0,97.0,98.35,0.58,1.62,65.65
s16_sit,210.0,240.0,97.0,98.33,0.53,1.45,69.05
s16_sit,220.0,250.0,97.0,98.32,0.51,1.38,69.51
s16_sit,230.0,260.0,97.0,98.32,0.52,1.42,66.52
s16_sit,240.0,270.0,97.0,98.38,0.54,1.57,65.9
s16_sit,250.0,280.0,97.0,98.37,0.55,1.58,66.29
s16_sit,260.0,290.0,97.0,98.35,0.55,1.55,65.81
s16_sit,270.0,300.0,97.0,98.32,0.55,1.49,65.42
s16_sit,280.0,310.0,97.0,98.32,0.54,1.47,64.32
s16_sit,290.0,320.0,97.0,98.26,0.55,1.42,65.03
s16_sit,300.0,330.0,97.0,98.25,0.56,1.43,65.06
s16_sit,310.0,340.0,97.0,98.26,0.55,1.42,64.69
s16_sit,320.0,350.0,97.0,98.28,0.56,1.46,64.18
s16_sit,330.0,360.0,97.0,98.3,0.58,1.54,63.05
s16_sit,340.0,370.0,97.0,98.34,0.54,1.49,63.46
s16_sit,350.0,380.0,97.0,98.3,0.56,1.49,64.71
s16_sit,360.0,390.0,97.0,98.29,0.56,1.49,65.04
s16_sit,370.0,400.0,97.0,98.27,0.54,1.41,65.74
s16_sit,380.0,410.0,97.0,98.27,0.53,1.39,64.4
s16_sit,390.0,420.0,97.0,98.28,0.52,1.38,63.76
s16_sit,400.0,430.0,97.0,98.28,0.49,1.28,63.56
s16_sit,410.0,440.0,97.0,98.31,0.48,1.29,63.32
s16_sit,420.0,450.0,97.0,98.28,0.48,1.26,62.54
s16_sit,430.0,460.0,97.0,98.29,0.53,1.41,61.82
s16_sit,440.0,470.0,97.0,98.29,0.53,1.41,63.58
s16_sit,450.0,480.0,97.0,98.27,0.55,1.44,63.89
s16_sit,457.984,487.984,97.0,98.28,0.55,1.45,64.5
s17_sit,0.0,30.0,96.0,98.09,0.12,0.26,81.05
s17_sit,10.0,40.0,96.0,98.05,0.11,0.23,81.28
s17_sit,20.0,50.0,96.0,98.02,0.11,0.22,79.49
s17_sit,30.0,60.0,96.0,98.05,0.1,0.22,78.66
s17_sit,40.0,70.0,96.0,98.06,0.09,0.2,76.83
s17_sit,50.0,80.0,96.0,98.07,0.08,0.18,75.74
s17_sit,60.0,90.0,96.0,98.04,0.09,0.19,78.66
s17_sit,70.0,100.0,96.0,98.04,0.09,0.19,76.99
s17_sit,80.0,110.0,96.0,98.04,0.09,0.18,77.79
s17_sit,90.0,120.0,96.0,98.05,0.08,0.16,77.94
s17_sit,100.0,130.0,96.0,98.01,0.08,0.17,78.4
s17_sit,110.0,140.0,96.0,98.03,0.08,0.18,76.43
s17_sit,120.0,150.0,96.0,97.99,0.08,0.17,74.88
s17_sit,130.0,160.0,96.0,97.97,0.08,0.16,76.68
s17_sit,140.0,170.0,96.0,98.0,0.08,0.17,76.66
s17_sit,150.0,180.0,96.0,98.02,0.07,0.15,76.14
s17_sit,160.0,190.0,96.0,98.05,0.06,0.13,76.29
s17_sit,170.0,200.0,96.0,98.03,0.06,0.13,76.22
s17_sit,180.0,210.0,96.0,98.0,0.07,0.14,75.97
s17_sit,190.0,220.0,96.0,97.96,0.07,0.14,76.49
s17_sit,200.0,230.0,96.0,97.97,0.08,0.16,77.18
s17_sit,210.0,240.0,96.0,97.97,0.08,0.16,78.91
s17_sit,220.0,250.0,96.0,97.97,0.08,0.16,78.44
s17_sit,230.0,260.0,96.0,97.95,0.08,0.15,78.61
s17_sit,240.0,270.0,96.0,97.98,0.08,0.15,78.74
s17_sit,250.0,280.0,96.0,97.95,0.09,0.17,78.52
s17_sit,260.0,290.0,96.0,98.0,0.08,0.17,79.42
s17_sit,270.0,300.0,96.0,97.99,0.08,0.16,81.33
s17_sit,280.0,310.0,96.0,98.0,0.08,0.17,82.06
s17_sit,290.0,320.0,96.0,98.0,0.09,0.18,80.32
s17_sit,300.0,330.0,96.0,98.0,0.1,0.19,78.2
s17_sit,310.0,340.0,96.0,98.02,0.08,0.17,74.88
s17_sit,320.0,350.0,96.0,98.01,0.08,0.16,74.78
s17_sit,330.0,360.0,96.0,98.0,0.08,0.16,72.96
s17_sit,340.0,370.0,96.0,98.01,0.08,0.16,72.98
s17_sit,350.0,380.0,96.0,98.04,0.07,0.15,74.72
s17_sit,360.0,390.0,96.0,98.0,0.07,0.13,76.99
s17_sit,370.0,400.0,96.0,98.03,0.08,0.17,73.76
s17_sit,380.0,410.0,96.0,98.04,0.08,0.18,73.21
s17_sit,390.0,420.0,96.0,98.01,0.09,0.19,74.24
s17_sit,400.0,430.0,96.0,97.99,0.09,0.17,74.7
s17_sit,410.0,440.0,96.0,98.02,0.09,0.18,74.84
s17_sit,420.0,450.0,96.0,98.05,0.07,0.16,74.55
s17_sit,430.0,460.0,96.0,98.02,0.07,0.15,76.18
s17_sit,440.0,470.0,96.0,98.04,0.08,0.16,77.13
s17_sit,450.0,480.0,96.0,97.99,0.09,0.19,76.9
s17_sit,455.872,485.872,96.0,97.99,0.1,0.19,76.24
s18_sit,0.0,30.0,97.0,98.31,0.2,0.53,75.35
s18_sit,10.0,40.0,97.0,98.3,0.21,0.55,77.05
s18_sit,20.0,50.0,97.0,98.32,0.22,0.6,76.9
s18_sit,30.0,60.0,97.0,98.31,0.22,0.6,77.18
s18_sit,40.0,70.0,97.0,98.3,0.24,0.64,75.23
s18_sit,50.0,80.0,97.0,98.3,0.23,0.63,73.8
s18_sit,60.0,90.0,97.0,98.27,0.22,0.56,74.2
s18_sit,70.0,100.0,97.0,98.26,0.19,0.5,72.9
s18_sit,80.0,110.0,97.0,98.24,0.18,0.45,74.66
s18_sit,90.0,120.0,97.0,98.24,0.18,0.45,76.12
s18_sit,100.0,130.0,97.0,98.24,0.18,0.46,77.92
s18_sit,110.0,140.0,97.0,98.21,0.18,0.45,78.21
s18_sit,120.0,150.0,97.0,98.24,0.19,0.47,78.11
s18_sit,130.0,160.0,97.0,98.25,0.19,0.48,77.07
s18_sit,140.0,170.0,97.0,98.26,0.19,0.49,75.41
s18_sit,150.0,180.0,97.0,98.28,0.19,0.51,73.26
s18_sit,160.0,190.0,97.0,98.29,0.19,0.5,73.41
s18_sit,170.0,200.0,97.0,98.28,0.19,0.49,73.59
s18_sit,180.0,210.0,97.0,98.27,0.18,0.47,76.37
s18_sit,190.0,220.0,97.0,98.29,0.2,0.52,79.15
s18_sit,200.0,230.0,97.0,98.29,0.25,0.67,79.88
s18_sit,210.0,240.0,97.0,98.33,0.27,0.75,78.76
s18_sit,220.0,250.0,97.0,98.33,0.28,0.77,76.52
s18_sit,230.0,260.0,97.0,98.34,0.23,0.65,77.92
s18_sit,240.0,270.0,97.0,98.32,0.22,0.6,76.37
s18_sit,250.0,280.0,97.0,98.3,0.21,0.56,75.54
s18_sit,260.0,290.0,97.0,98.26,0.2,0.52,74.2
s18_sit,270.0,300.0,97.0,98.25,0.18,0.46,76.97
s18_sit,280.0,310.0,97.0,98.25,0.18,0.45,79.38
s18_sit,290.0,320.0,97.0,98.26,0.17,0.44,82.64
s18_sit,300.0,330.0,97.0,98.26,0.18,0.46,79.1
s18_sit,310.0,340.0,97.0,98.27,0.18,0.48,76.12
s18_sit,320.0,350.0,97.0,98.28,0.19,0.51,74.3
s18_sit,330.0,360.0,97.0,98.27,0.22,0.57,76.26
s18_sit,340.0,370.0,97.0,98.29,0.22,0.59,76.79
s18_sit,350.0,380.0,97.0,98.28,0.22,0.59,75.95
s18_sit,360.0,390.0,97.0,98.28,0.2,0.53,76.23
s18_sit,370.0,400.0,97.0,98.28,0.2,0.52,76.14
s18_sit,380.0,410.0,97.0,98.28,0.19,0.5,75.74
s18_sit,390.0,420.0,97.0,98.28,0.19,0.51,76.05
s18_sit,400.0,430.0,97.0,98.28,0.19,0.5,75.85
s18_sit,410.0,440.0,97.0,98.27,0.19,0.51,76.71
s18_sit,420.0,450.0,97.0,98.27,0.19,0.5,76.95
s18_sit,430.0,460.0,97.0,98.28,0.21,0.54,77.03
s18_sit,440.0,470.0,97.0,98.29,0.22,0.59,77.79
s18_sit,450.0,480.0,97.0,98.3,0.25,0.67,77.13
s18_sit,454.536,484.536,97.0,98.34,0.25,0.7,76.37
s19_sit,0.0,30.0,97.5,98.16,0.38,0.91,72.92
s19_sit,10.0,40.0,97.5,98.16,0.41,0.97,72.58
s19_sit,20.0,50.0,97.5,98.16,0.38,0.91,77.37
s19_sit,30.0,60.0,97.5,98.18,0.37,0.89,76.45
s19_sit,40.0,70.0,97.5,98.18,0.38,0.91,74.66
s19_sit,50.0,80.0,97.5,98.17,0.41,0.96,73.22
s19_sit,60.0,90.0,97.5,98.17,0.34,0.82,72.2
s19_sit,70.0,100.0,97.5,98.13,0.27,0.62,73.0
s19_sit,80.0,110.0,97.5,98.12,0.2,0.45,78.51
s19_sit,90.0,120.0,97.5,98.13,0.24,0.54,78.69
s19_sit,100.0,130.0,97.5,98.11,0.27,0.6,78.21
s19_sit,110.0,140.0,97.5,98.09,0.24,0.53,75.39
s19_sit,120.0,150.0,97.5,98.06,0.23,0.49,80.25
s19_sit,130.0,160.0,97.5,98.05,0.21,0.44,79.62
s19_sit,140.0,170.0,97.5,98.09,0.21,0.47,82.97
s19_sit,150.0,180.0,97.5,98.11,0.2,0.44,84.66
s19_sit,160.0,190.0,97.5,98.15,0.25,0.58,87.02
s19_sit,170.0,200.0,97.5,98.14,0.25,0.58,83.2
s19_sit,180.0,210.0,97.5,98.12,0.27,0.61,79.77
s19_sit,190.0,220.0,97.5,98.1,0.29,0.64,76.24
s19_sit,200.0,230.0,97.5,98.07,0.34,0.74,79.53
s19_sit,210.0,240.0,97.5,98.05,0.37,0.8,80.1
s19_sit,220.0,250.0,97.5,98.06,0.4,0.85,80.76
s19_sit,230.0,260.0,97.5,98.08,0.4,0.88,82.64
s19_sit,240.0,270.0,97.5,98.08,0.41,0.89,82.4
s19_sit,250.0,280.0,97.5,98.07,0.42,0.92,83.38
s19_sit,260.0,290.0,97.5,98.07,0.38,0.81,85.54
s19_sit,270.0,300.0,97.5,98.04,0.27,0.57,89.44
s19_sit,280.0,310.0,97.5,98.06,0.21,0.45,90.05
s19_sit,290.0,320.0,97.5,98.1,0.24,0.53,83.89
s19_sit,300.0,330.0,97.5,98.1,0.28,0.61,78.68
s19_sit,310.0,340.0,97.5,98.09,0.28,0.62,78.45
s19_sit,320.0,350.0,97.5,98.11,0.27,0.62,78.26
s19_sit,330.0,360.0,97.5,98.12,0.31,0.71,79.93
s19_sit,340.0,370.0,97.5,98.11,0.32,0.72,78.54
s19_sit,350.0,380.0,97.5,98.11,0.35,0.78,78.53
s19_sit,360.0,390.0,97.5,98.1,0.36,0.8,78.43
s19_sit,370.0,400.0,97.5,98.1,0.37,0.83,79.02
s19_sit,380.0,410.0,97.5,98.1,0.39,0.86,77.85
s19_sit,390.0,420.0,97.5,98.08,0.4,0.88,78.0
s19_sit,400.0,430.0,97.5,98.07,0.41,0.88,79.36
s19_sit,410.0,440.0,97.5,98.06,0.36,0.78,80.22
s19_sit,420.0,450.0,97.5,98.05,0.28,0.6,83.29
s19_sit,430.0,460.0,97.5,98.07,0.26,0.56,84.21
s19_sit,440.0,470.0,97.5,98.12,0.29,0.66,83.15
s19_sit,450.0,480.0,97.5,98.08,0.35,0.77,81.32
s19_sit,460.0,490.0,97.5,98.06,0.34,0.73,81.64
s19_sit,469.186,499.186,97.5,98.04,0.34,0.73,82.99
s1_sit,0.0,30.0,98.0,97.97,0.2,0.4,75.7
s1_sit,10.0,40.0,98.0,97.94,0.22,0.42,75.05
s1_sit,20.0,50.0,98.0,97.93,0.22,0.42,74.1
s1_sit,30.0,60.0,98.0,97.92,0.22,0.42,73.61
s1_sit,40.0,70.0,98.0,97.92,0.23,0.44,73.88
s1_sit,50.0,80.0,98.0,97.9,0.24,0.44,75.39
s1_sit,60.0,90.0,98.0,97.9,0.23,0.43,77.28
s1_sit,70.0,100.0,98.0,97.91,0.23,0.42,77.33
s1_sit,80.0,110.0,98.0,97.92,0.22,0.4,76.2
s1_sit,90.0,120.0,98.0,97.91,0.2,0.38,73.51
s1_sit,100.0,130.0,98.0,97.91,0.19,0.36,72.48
s1_sit,110.0,140.0,98.0,97.91,0.19,0.36,72.1
s1_sit,120.0,150.0,98.0,97.94,0.2,0.38,72.6
s1_sit,130.0,160.0,98.0,97.93,0.2,0.37,72.88
s1_sit,140.0,170.0,98.0,97.92,0.19,0.36,73.92
s1_sit,150.0,180.0,98.0,97.91,0.19,0.35,74.86
s1_sit,160.0,190.0,98.0,97.91,0.19,0.36,73.94
s1_sit,170.0,200.0,98.0,97.92,0.19,0.36,73.18
s1_sit,180.0,210.0,98.0,97.92,0.2,0.37,71.77
s1_sit,190.0,220.0,98.0,97.93,0.2,0.37,71.55
s1_sit,200.0,230.0,98.0,97.93,0.2,0.38,69.47
s1_sit,210.0,240.0,98.0,97.93,0.2,0.38,69.45
s1_sit,220.0,250.0,98.0,97.92,0.2,0.38,70.84
s1_sit,230.0,260.0,98.0,97.9,0.18,0.34,73.76
s1_sit,240.0,270.0,98.0,97.9,0.17,0.32,72.64
s1_sit,250.0,280.0,98.0,97.91,0.17,0.32,70.14
s1_sit,260.0,290.0,98.0,97.92,0.19,0.35,69.98
s1_sit,270.0,300.0,98.0,97.92,0.2,0.37,71.75
s1_sit,280.0,310.0,98.0,97.92,0.2,0.38,72.02
s1_sit,290.0,320.0,98.0,97.92,0.21,0.4,70.32
s1_sit,300.0,330.0,98.0,97.92,0.21,0.4,71.69
s1_sit,310.0,340.0,98.0,97.92,0.22,0.42,71.82
s1_sit,320.0,350.0,98.0,97.93,0.23,0.43,70.16
s1_sit,330.0,360.0,98.0,97.91,0.24,0.44,68.96
s1_sit,340.0,370.0,98.0,97.9,0.23,0.43,69.64
s1_sit,350.0,380.0,98.0,97.9,0.23,0.42,73.11
s1_sit,360.0,390.0,98.0,97.9,0.23,0.42,73.45
s1_sit,370.0,400.0,98.0,97.9,0.23,0.42,72.76
s1_sit,380.0,410.0,98.0,97.91,0.23,0.42,69.87
s1_sit,390.0,420.0,98.0,97.92,0.23,0.42,69.11
s1_sit,400.0,430.0,98.0,97.93,0.22,0.42,71.43
s1_sit,410.0,440.0,98.0,97.92,0.22,0.42,72.5
s1_sit,420.0,450.0,98.0,97.92,0.22,0.41,72.36
s1_sit,430.0,460.0,98.0,97.92,0.22,0.41,70.68
s1_sit,440.0,470.0,98.0,97.92,0.23,0.42,70.63
s1_sit,450.0,480.0,98.0,97.92,0.23,0.43,71.92
s1_sit,460.0,490.0,98.0,97.92,0.23,0.43,73.57
s1_sit,470.0,500.0,98.0,97.92,0.23,0.43,74.32
s1_sit,478.05,508.05,98.0,97.91,0.24,0.44,73.14
s20_sit,0.0,30.0,97.0,98.06,0.52,1.11,75.41
s20_sit,10.0,40.0,97.0,98.09,0.52,1.15,76.62
s20_sit,20.0,50.0,97.0,98.11,0.46,1.03,78.76
s20_sit,30.0,60.0,97.0,98.13,0.38,0.87,79.0
s20_sit,40.0,70.0,97.0,98.12,0.33,0.75,79.88
s20_sit,50.0,80.0,97.0,98.14,0.33,0.77,78.51
s20_sit,60.0,90.0,97.0,98.13,0.3,0.68,79.66
s20_sit,70.0,100.0,97.0,98.14,0.3,0.7,80.28
s20_sit,80.0,110.0,97.0,98.14,0.31,0.72,80.54
s20_sit,90.0,120.0,97.0,98.14,0.32,0.74,79.02
s20_sit,100.0,130.0,97.0,98.12,0.27,0.62,78.21
s20_sit,110.0,140.0,97.0,98.12,0.25,0.55,75.07
s20_sit,120.0,150.0,97.0,98.15,0.32,0.74,72.48
s20_sit,130.0,160.0,97.0,98.11,0.43,0.97,68.36
s20_sit,140.0,170.0,97.0,98.05,0.49,1.05,70.0
s20_sit,150.0,180.0,97.0,98.02,0.47,0.97,71.77
s20_sit,160.0,190.0,97.0,98.01,0.41,0.84,78.26
s20_sit,170.0,200.0,97.0,98.02,0.36,0.75,80.72
s20_sit,180.0,210.0,97.0,98.05,0.32,0.69,83.57
s20_sit,190.0,220.0,97.0,98.08,0.29,0.63,84.0
s20_sit,200.0,230.0,97.0,98.11,0.28,0.64,85.33
s20_sit,210.0,240.0,97.0,98.16,0.32,0.74,83.91
s20_sit,220.0,250.0,97.0,98.16,0.37,0.88,80.32
s20_sit,230.0,260.0,97.0,98.17,0.44,1.05,74.24
s20_sit,240.0,270.0,97.0,98.17,0.46,1.11,72.88
s20_sit,250.0,280.0,97.0,98.12,0.45,1.02,72.36
s20_sit,260.0,290.0,97.0,98.09,0.41,0.9,76.19
s20_sit,270.0,300.0,97.0,98.08,0.32,0.71,75.05
s20_sit,280.0,310.0,97.0,98.08,0.34,0.74,79.84
s20_sit,290.0,320.0,97.0,98.14,0.38,0.87,76.3
s20_sit,300.0,330.0,97.0,98.13,0.46,1.06,75.21
s20_sit,310.0,340.0,97.0,98.11,0.51,1.14,71.45
s20_sit,320.0,350.0,97.0,98.05,0.53,1.11,74.16
s20_sit,330.0,360.0,97.0,98.02,0.5,1.04,77.2
s20_sit,340.0,370.0,97.0,98.01,0.48,0.98,80.25
s20_sit,350.0,380.0,97.0,98.03,0.43,0.89,81.66
s20_sit,360.0,390.0,97.0,98.11,0.38,0.86,82.67
s20_sit,370.0,400.0,97.0,98.14,0.33,0.76,84.84
s20_sit,380.0,410.0,97.0,98.13,0.29,0.67,86.78
s20_sit,390.0,420.0,97.0,98.1,0.27,0.59,86.91
s20_sit,400.0,430.0,97.0,98.14,0.29,0.66,84.79
s20_sit,410.0,440.0,97.0,98.18,0.34,0.81,82.27
s20_sit,420.0,450.0,97.0,98.19,0.4,0.96,79.22
s20_sit,430.0,460.0,97.0,98.17,0.4,0.94,79.68
s20_sit,440.0,470.0,97.0,98.14,0.37,0.86,80.22
s20_sit,450.0,480.0,97.0,98.16,0.41,0.98,77.79
s20_sit,460.0,490.0,97.0,98.15,0.46,1.08,74.94
s20_sit,465.446,495.446,97.0,98.09,0.5,1.1,76.68
s21_sit,0.0,30.0,98.0,98.21,0.39,0.96,73.16
s21_sit,10.0,40.0,98.0,98.21,0.45,1.11,72.2
s21_sit,20.0,50.0,98.0,98.27,0.48,1.26,72.43
s21_sit,30.0,60.0,98.0,98.27,0.51,1.33,74.32
s21_sit,40.0,70.0,98.0,98.28,0.52,1.37,74.82
s21_sit,50.0,80.0,98.0,98.27,0.55,1.43,73.94
s21_sit,60.0,90.0,98.0,98.28,0.56,1.48,75.58
s21_sit,70.0,100.0,98.0,98.27,0.56,1.46,76.47
s21_sit,80.0,110.0,98.0,98.27,0.57,1.5,77.18
s21_sit,90.0,120.0,98.0,98.31,0.59,1.58,74.0
s21_sit,100.0,130.0,98.0,98.29,0.59,1.56,75.17
s21_sit,110.0,140.0,98.0,98.3,0.58,1.55,74.48
s21_sit,120.0,150.0,98.0,98.3,0.59,1.57,75.35
s21_sit,130.0,160.0,98.0,98.3,0.58,1.56,77.01
s21_sit,140.0,170.0,98.0,98.29,0.55,1.45,81.37
s21_sit,150.0,180.0,98.0,98.27,0.56,1.45,83.88
s21_sit,160.0,190.0,98.0,98.26,0.55,1.43,84.67
s21_sit,170.0,200.0,98.0,98.26,0.59,1.54,81.75
s21_sit,180.0,210.0,98.0,98.28,0.58,1.53,80.52
s21_sit,190.0,220.0,98.0,98.28,0.58,1.52,79.58
s21_sit,200.0,230.0,98.0,98.28,0.57,1.5,79.19
s21_sit,210.0,240.0,98.0,98.28,0.58,1.52,75.6
s21_sit,220.0,250.0,98.0,98.31,0.57,1.54,75.37
s21_sit,230.0,260.0,98.0,98.28,0.58,1.52,77.3
s21_sit,240.0,270.0,98.0,98.28,0.55,1.45,81.24
s21_sit,250.0,280.0,98.0,98.27,0.56,1.45,81.68
s21_sit,260.0,290.0,98.0,98.27,0.56,1.47,80.1
s21_sit,270.0,300.0,98.0,98.27,0.57,1.48,79.62
s21_sit,280.0,310.0,98.0,98.27,0.58,1.51,78.17
s21_sit,290.0,320.0,98.0,98.26,0.58,1.5,77.05
s21_sit,300.0,330.0,98.0,98.26,0.58,1.49,78.26
s21_sit,310.0,340.0,98.0,98.25,0.58,1.49,79.19
s21_sit,320.0,350.0,98.0,98.25,0.58,1.48,81.33
s21_sit,330.0,360.0,98.0,98.24,0.6,1.52,78.53
s21_sit,340.0,370.0,98.0,98.25,0.58,1.48,78.53
s21_sit,350.0,380.0,98.0,98.26,0.6,1.56,75.43
s21_sit,360.0,390.0,98.0,98.26,0.61,1.57,74.53
s21_sit,370.0,400.0,98.0,98.26,0.6,1.55,74.2
s21_sit,380.0,410.0,98.0,98.26,0.59,1.52,74.3
s21_sit,390.0,420.0,98.0,98.26,0.59,1.53,75.64
s21_sit,400.0,430.0,98.0,98.25,0.6,1.53,76.12
s21_sit,410.0,440.0,98.0,98.25,0.6,1.54,78.0
s21_sit,420.0,450.0,98.0,98.25,0.61,1.55,77.22
s21_sit,430.0,460.0,98.0,98.25,0.6,1.53,77.98
s21_sit,440.0,470.0,98.0,98.26,0.6,1.53,78.43
s21_sit,450.0,480.0,98.0,98.25,0.57,1.45,82.15
s21_sit,459.874,489.874,98.0,98.24,0.57,1.45,82.4
s22_sit,0.0,30.0,96.5,98.13,0.67,1.53,83.18
s22_sit,10.0,40.0,96.5,98.11,0.68,1.53,81.88
s22_sit,20.0,50.0,96.5,98.14,0.68,1.58,77.14
s22_sit,30.0,60.0,96.5,98.15,0.65,1.51,78.87
s22_sit,40.0,70.0,96.5,98.15,0.64,1.5,77.58
s22_sit,50.0,80.0,96.5,98.16,0.62,1.46,78.07
s22_sit,60.0,90.0,96.5,98.18,0.63,1.51,76.47
s22_sit,70.0,100.0,96.5,98.15,0.64,1.48,76.66
s22_sit,80.0,110.0,96.5,98.16,0.62,1.46,76.07
s22_sit,90.0,120.0,96.5,98.17,0.6,1.43,77.74
s22_sit,100.0,130.0,96.5,98.18,0.59,1.41,76.99
s22_sit,110.0,140.0,96.5,98.16,0.6,1.42,77.66
s22_sit,120.0,150.0,96.5,98.15,0.58,1.34,79.1
s22_sit,130.0,160.0,96.5,98.14,0.6,1.38,82.04
s22_sit,140.0,170.0,96.5,98.12,0.59,1.34,86.4
s22_sit,150.0,180.0,96.5,98.11,0.61,1.37,87.98
s22_sit,160.0,190.0,96.5,98.09,0.61,1.34,88.51
s22_sit,170.0,200.0,96.5,98.09,0.62,1.38,85.46
s22_sit,180.0,210.0,96.5,98.11,0.62,1.39,82.09
s22_sit,190.0,220.0,96.5,98.13,0.61,1.39,79.53
s22_sit,200.0,230.0,96.5,98.14,0.59,1.37,80.39
s22_sit,210.0,240.0,96.5,98.13,0.58,1.34,85.91
s22_sit,220.0,250.0,96.5,98.11,0.61,1.36,89.24
s22_sit,230.0,260.0,96.5,98.11,0.62,1.39,85.0
s22_sit,240.0,270.0,96.5,98.13,0.62,1.43,81.57
s22_sit,250.0,280.0,96.5,98.14,0.63,1.45,80.65
s22_sit,260.0,290.0,96.5,98.13,0.62,1.43,83.93
s22_sit,270.0,300.0,96.5,98.12,0.64,1.45,84.02
s22_sit,280.0,310.0,96.5,98.13,0.63,1.45,80.3
s22_sit,290.0,320.0,96.5,98.14,0.63,1.46,77.22
s22_sit,300.0,330.0,96.5,98.16,0.59,1.38,77.45
s22_sit,310.0,340.0,96.5,98.16,0.58,1.37,79.95
s22_sit,320.0,350.0,96.5,98.15,0.57,1.34,84.18
s22_sit,330.0,360.0,96.5,98.12,0.6,1.36,85.91
s22_sit,340.0,370.0,96.5,98.11,0.62,1.39,85.09
s22_sit,350.0,380.0,96.5,98.12,0.63,1.43,79.97
s22_sit,360.0,390.0,96.5,98.16,0.63,1.48,75.31
s22_sit,370.0,400.0,96.5,98.19,0.61,1.46,74.5
s22_sit,380.0,410.0,96.5,98.19,0.6,1.45,75.91
s22_sit,390.0,420.0,96.5,98.16,0.56,1.32,80.96
s22_sit,400.0,430.0,96.5,98.11,0.58,1.31,84.41
s22_sit,410.0,440.0,96.5,98.08,0.62,1.35,84.52
s22_sit,420.0,450.0,96.5,98.09,0.66,1.46,79.53
s22_sit,430.0,460.0,96.5,98.12,0.67,1.53,77.39
s22_sit,440.0,470.0,96.5,98.13,0.63,1.45,80.43
s22_sit,450.0,480.0,96.5,98.12,0.6,1.37,84.18
s22_sit,455.266,485.266,96.5,98.11,0.58,1.3,84.8
s2_sit,0.0,30.0,96.0,97.97,0.37,0.73,87.43
s2_sit,10.0,40.0,96.0,97.98,0.37,0.73,81.93
s2_sit,20.0,50.0,96.0,97.97,0.37,0.73,76.3
s2_sit,30.0,60.0,96.0,97.96,0.38,0.75,77.58
s2_sit,40.0,70.0,96.0,97.93,0.39,0.74,82.49
s2_sit,50.0,80.0,96.0,97.93,0.37,0.71,74.28
s2_sit,60.0,90.0,96.0,97.97,0.35,0.69,67.24
s2_sit,70.0,100.0,96.0,97.98,0.34,0.67,77.96
s2_sit,80.0,110.0,96.0,98.02,0.34,0.7,75.74
s2_sit,90.0,120.0,96.0,98.03,0.33,0.69,79.73
s2_sit,100.0,130.0,96.0,98.04,0.32,0.68,68.81
s2_sit,110.0,140.0,96.0,98.0,0.33,0.67,83.45
s2_sit,120.0,150.0,96.0,97.97,0.34,0.66,89.63
s2_sit,130.0,160.0,96.0,97.95,0.35,0.67,99.98
s2_sit,140.0,170.0,96.0,97.91,0.36,0.66,93.12
s2_sit,150.0,180.0,96.0,97.93,0.37,0.69,85.58
s2_sit,160.0,190.0,96.0,97.92,0.35,0.65,79.81
s2_sit,170.0,200.0,96.0,97.98,0.36,0.71,69.64
s2_sit,180.0,210.0,96.0,97.98,0.33,0.66,65.03
s2_sit,190.0,220.0,96.0,97.96,0.36,0.71,63.44
s2_sit,200.0,230.0,96.0,97.95,0.37,0.71,72.84
s2_sit,210.0,240.0,96.0,97.97,0.39,0.76,82.38
s2_sit,220.0,250.0,96.0,97.94,0.41,0.79,100.01
s2_sit,230.0,260.0,96.0,97.93,0.42,0.79,103.98
s2_sit,240.0,270.0,96.0,97.92,0.42,0.78,90.37
s2_sit,250.0,280.0,96.0,97.93,0.4,0.76,83.54
s2_sit,260.0,290.0,96.0,97.96,0.39,0.75,74.44
s2_sit,270.0,300.0,96.0,97.93,0.4,0.75,79.25
s2_sit,280.0,310.0,96.0,97.94,0.39,0.75,77.66
s2_sit,290.0,320.0,96.0,97.94,0.39,0.76,75.97
s2_sit,300.0,330.0,96.0,97.95,0.4,0.76,83.54
s2_sit,310.0,340.0,96.0,97.92,0.41,0.76,90.34
s2_sit,320.0,350.0,96.0,97.91,0.41,0.76,108.29
s2_sit,330.0,360.0,96.0,97.9,0.42,0.78,108.2
s2_sit,340.0,370.0,96.0,97.9,0.44,0.8,111.07
s2_sit,350.0,380.0,96.0,97.9,0.44,0.8,111.64
s2_sit,360.0,390.0,96.0,97.9,0.43,0.79,111.22
s2_sit,370.0,400.0,96.0,97.89,0.42,0.77,104.97
s2_sit,380.0,410.0,96.0,97.89,0.42,0.77,106.57
s2_sit,390.0,420.0,96.0,97.89,0.43,0.77,110.21
s2_sit,400.0,430.0,96.0,97.89,0.43,0.78,114.37
s2_sit,410.0,440.0,96.0,97.9,0.43,0.79,114.7
s2_sit,420.0,450.0,96.0,97.91,0.43,0.8,117.51
s2_sit,430.0,460.0,96.0,97.91,0.43,0.81,112.62
s2_sit,440.0,470.0,96.0,97.92,0.43,0.8,111.13
s2_sit,450.0,480.0,96.0,97.92,0.42,0.79,107.76
s2_sit,460.0,490.0,96.0,97.92,0.42,0.79,112.16
s2_sit,462.41,492.41,96.0,97.92,0.42,0.79,107.91
s3_sit,0.0,30.0,97.0,98.15,1.05,2.45,67.48
s3_sit,10.0,40.0,97.0,98.15,1.01,2.35,71.94
s3_sit,20.0,50.0,97.0,98.14,0.99,2.29,73.9
s3_sit,30.0,60.0,97.0,98.14,0.97,2.25,75.43
s3_sit,40.0,70.0,97.0,98.14,0.99,2.28,73.41
s3_sit,50.0,80.0,97.0,98.15,0.98,2.27,72.2
s3_sit,60.0,90.0,97.0,98.15,1.03,2.4,69.09
s3_sit,70.0,100.0,97.0,98.16,1.01,2.38,68.74
s3_sit,80.0,110.0,97.0,98.16,0.98,2.3,71.67
s3_sit,90.0,120.0,97.0,98.15,0.96,2.25,73.98
s3_sit,100.0,130.0,97.0,98.14,0.95,2.19,75.43
s3_sit,110.0,140.0,97.0,98.14,0.97,2.24,73.7
s3_sit,120.0,150.0,97.0,98.14,0.96,2.2,75.13
s3_sit,130.0,160.0,97.0,98.14,0.96,2.21,73.57
s3_sit,140.0,170.0,97.0,98.14,0.96,2.22,72.44
s3_sit,150.0,180.0,97.0,98.13,0.96,2.22,71.36
s3_sit,160.0,190.0,97.0,98.13,0.92,2.1,75.01
s3_sit,170.0,200.0,97.0,98.13,0.93,2.12,77.3
s3_sit,180.0,210.0,97.0,98.13,0.93,2.12,79.34
s3_sit,190.0,220.0,97.0,98.14,0.92,2.13,78.17
s3_sit,200.0,230.0,97.0,98.14,0.91,2.11,78.8
s3_sit,210.0,240.0,97.0,98.15,0.93,2.16,76.79
s3_sit,220.0,250.0,97.0,98.15,0.93,2.15,77.24
s3_sit,230.0,260.0,97.0,98.15,0.94,2.18,75.07
s3_sit,240.0,270.0,97.0,98.14,0.94,2.19,74.68
s3_sit,250.0,280.0,97.0,98.15,0.95,2.21,71.51
s3_sit,260.0,290.0,97.0,98.15,0.96,2.24,70.16
s3_sit,270.0,300.0,97.0,98.16,0.93,2.19,71.81
s3_sit,280.0,310.0,97.0,98.16,0.93,2.18,74.2
s3_sit,290.0,320.0,97.0,98.15,0.92,2.14,74.94
s3_sit,300.0,330.0,97.0,98.14,0.91,2.09,77.03
s3_sit,310.0,340.0,97.0,98.13,0.9,2.05,77.77
s3_sit,320.0,350.0,97.0,98.13,0.89,2.04,80.87
s3_sit,330.0,360.0,97.0,98.14,0.91,2.11,80.16
s3_sit,340.0,370.0,97.0,98.15,0.95,2.2,78.13
s3_sit,350.0,380.0,97.0,98.15,0.97,2.27,75.58
s3_sit,360.0,390.0,97.0,98.15,0.96,2.24,74.59
s3_sit,370.0,400.0,97.0,98.15,0.96,2.22,73.94
s3_sit,380.0,410.0,97.0,98.14,0.95,2.18,73.45
s3_sit,390.0,420.0,97.0,98.13,0.92,2.12,71.55
s3_sit,400.0,430.0,97.0,98.13,0.92,2.11,71.49
s3_sit,410.0,440.0,97.0,98.13,0.92,2.11,71.04
s3_sit,420.0,450.0,97.0,98.14,0.97,2.23,69.19
s3_sit,430.0,460.0,97.0,98.14,0.97,2.23,69.1
s3_sit,440.0,470.0,97.0,98.14,0.94,2.15,70.38
s3_sit,450.0,480.0,97.0,98.14,0.92,2.12,72.18
s3_sit,460.0,490.0,97.0,98.14,0.93,2.15,72.35
s3_sit,462.296,492.296,97.0,98.14,0.93,2.15,72.62
s4_sit,0.0,30.0,97.5,98.09,0.32,0.71,77.41
s4_sit,10.0,40.0,97.5,98.08,0.31,0.68,77.13
s4_sit,20.0,50.0,97.5,98.08,0.3,0.66,74.94
s4_sit,30.0,60.0,97.5,98.09,0.28,0.61,78.02
s4_sit,40.0,70.0,97.5,98.1,0.25,0.55,78.21
s4_sit,50.0,80.0,97.5,98.1,0.25,0.56,79.34
s4_sit,60.0,90.0,97.5,98.11,0.31,0.7,78.32
s4_sit,70.0,100.0,97.5,98.1,0.28,0.63,80.93
s4_sit,80.0,110.0,97.5,98.1,0.27,0.6,80.85
s4_sit,90.0,120.0,97.5,98.08,0.23,0.51,80.93
s4_sit,100.0,130.0,97.5,98.05,0.22,0.47,80.78
s4_sit,110.0,140.0,97.5,98.08,0.18,0.39,82.22
s4_sit,120.0,150.0,97.5,98.08,0.13,0.28,84.05
s4_sit,130.0,160.0,97.5,98.11,0.11,0.25,87.03
s4_sit,140.0,170.0,97.5,98.11,0.1,0.23,84.23
s4_sit,150.0,180.0,97.5,98.08,0.11,0.23,86.24
s4_sit,160.0,190.0,97.5,98.08,0.1,0.21,86.24
s4_sit,170.0,200.0,97.5,98.06,0.1,0.22,85.3
s4_sit,180.0,210.0,97.5,98.09,0.1,0.22,84.87
s4_sit,190.0,220.0,97.5,98.11,0.09,0.2,82.22
s4_sit,200.0,230.0,97.5,98.13,0.07,0.17,83.38
s4_sit,210.0,240.0,97.5,98.1,0.08,0.18,83.27
s4_sit,220.0,250.0,97.5,98.08,0.09,0.19,83.2
s4_sit,230.0,260.0,97.5,98.1,0.09,0.19,83.83
s4_sit,240.0,270.0,97.5,98.09,0.08,0.18,80.72
s4_sit,250.0,280.0,97.5,98.03,0.08,0.17,83.2
s4_sit,260.0,290.0,97.5,98.1,0.08,0.18,82.22
s4_sit,270.0,300.0,97.5,98.11,0.08,0.17,84.64
s4_sit,280.0,310.0,97.5,98.09,0.07,0.16,83.79
s4_sit,290.0,320.0,97.5,98.12,0.06,0.14,82.49
s4_sit,300.0,330.0,97.5,98.1,0.06,0.13,82.25
s4_sit,310.0,340.0,97.5,98.18,0.05,0.12,80.22
s4_sit,320.0,350.0,97.5,98.14,0.06,0.15,85.98
s4_sit,330.0,360.0,97.5,98.12,0.08,0.18,86.24
s4_sit,340.0,370.0,97.5,98.12,0.08,0.18,79.97
s4_sit,350.0,380.0,97.5,98.09,0.09,0.19,77.77
s4_sit,360.0,390.0,97.5,98.08,0.1,0.22,77.91
s4_sit,370.0,400.0,97.5,98.22,0.13,0.33,81.48
s4_sit,380.0,410.0,97.5,98.13,0.13,0.29,82.49
s4_sit,390.0,420.0,97.5,98.11,0.13,0.29,81.33
s4_sit,400.0,430.0,97.5,98.1,0.12,0.26,76.21
s4_sit,410.0,440.0,97.5,98.13,0.11,0.26,80.21
s4_sit,420.0,450.0,97.5,98.13,0.1,0.22,81.91
s4_sit,430.0,460.0,97.5,98.14,0.08,0.19,83.2
s4_sit,440.0,470.0,97.5,98.12,0.09,0.2,85.91
s4_sit,450.0,480.0,97.5,98.14,0.08,0.18,86.4
s4_sit,460.0,490.0,97.5,98.12,0.07,0.17,84.61
s4_sit,463.91,493.91,97.5,98.13,0.07,0.16,82.22
s5_sit,0.0,30.0,97.0,97.97,0.36,0.71,74.63
s5_sit,10.0,40.0,97.0,97.98,0.34,0.68,77.39
s5_sit,20.0,50.0,97.0,98.0,0.34,0.68,77.2
s5_sit,30.0,60.0,97.0,98.0,0.34,0.69,76.47
s5_sit,40.0,70.0,97.0,97.99,0.36,0.72,76.56
s5_sit,50.0,80.0,97.0,97.96,0.37,0.73,77.94
s5_sit,60.0,90.0,97.0,97.96,0.38,0.73,78.24
s5_sit,70.0,100.0,97.0,97.96,0.36,0.7,78.11
s5_sit,80.0,110.0,97.0,97.97,0.33,0.65,78.0
s5_sit,90.0,120.0,97.0,97.98,0.31,0.62,77.22
s5_sit,100.0,130.0,97.0,97.98,0.33,0.65,75.62
s5_sit,110.0,140.0,97.0,97.98,0.35,0.7,72.4
s5_sit,120.0,150.0,97.0,97.97,0.38,0.74,72.48
s5_sit,130.0,160.0,97.0,97.96,0.39,0.76,72.48
s5_sit,140.0,170.0,97.0,97.96,0.39,0.76,74.08
s5_sit,150.0,180.0,97.0,97.96,0.4,0.78,74.08
s5_sit,160.0,190.0,97.0,97.94,0.41,0.79,75.87
s5_sit,170.0,200.0,97.0,97.94,0.4,0.77,80.06
s5_sit,180.0,210.0,97.0,97.94,0.4,0.77,80.93
s5_sit,190.0,220.0,97.0,97.94,0.38,0.72,80.12
s5_sit,200.0,230.0,97.0,97.94,0.34,0.65,75.68
s5_sit,210.0,240.0,97.0,97.96,0.29,0.57,75.41
s5_sit,220.0,250.0,97.0,97.97,0.28,0.56,76.78
s5_sit,230.0,260.0,97.0,97.98,0.29,0.58,77.62
s5_sit,240.0,270.0,97.0,97.97,0.3,0.6,78.87
s5_sit,250.0,280.0,97.0,97.96,0.28,0.55,80.52
s5_sit,260.0,290.0,97.0,97.95,0.25,0.48,82.6
s5_sit,270.0,300.0,97.0,97.96,0.21,0.42,82.93
s5_sit,280.0,310.0,97.0,97.97,0.23,0.45,81.68
s5_sit,290.0,320.0,97.0,97.98,0.25,0.49,81.53
s5_sit,300.0,330.0,97.0,97.97,0.27,0.53,79.9
s5_sit,310.0,340.0,97.0,97.96,0.29,0.56,78.0
s5_sit,320.0,350.0,97.0,97.97,0.28,0.56,77.14
s5_sit,330.0,360.0,97.0,97.97,0.28,0.56,77.68
s5_sit,340.0,370.0,97.0,97.98,0.29,0.58,78.78
s5_sit,350.0,380.0,97.0,97.96,0.32,0.63,77.51
s5_sit,360.0,390.0,97.0,97.97,0.33,0.65,76.91
s5_sit,370.0,400.0,97.0,97.97,0.35,0.68,76.87
s5_sit,380.0,410.0,97.0,97.97,0.35,0.69,79.51
s5_sit,390.0,420.0,97.0,97.96,0.38,0.74,80.65
s5_sit,400.0,430.0,97.0,97.96,0.38,0.75,80.8
s5_sit,410.0,440.0,97.0,97.96,0.35,0.69,79.45
s5_sit,420.0,450.0,97.0,97.97,0.33,0.64,77.22
s5_sit,430.0,460.0,97.0,97.97,0.32,0.64,76.43
s5_sit,440.0,470.0,97.0,97.96,0.36,0.7,75.72
s5_sit,450.0,480.0,97.0,97.96,0.38,0.74,76.64
s5_sit,460.0,490.0,97.0,97.95,0.39,0.75,77.01
s5_sit,464.39,494.39,97.0,97.95,0.39,0.76,77.09
s6_sit,0.0,30.0,96.5,98.0,0.22,0.45,74.9
s6_sit,10.0,40.0,96.5,97.98,0.23,0.46,75.81
s6_sit,20.0,50.0,96.5,97.98,0.23,0.46,77.28
s6_sit,30.0,60.0,96.5,97.98,0.24,0.48,78.15
s6_sit,40.0,70.0,96.5,97.98,0.25,0.5,76.99
s6_sit,50.0,80.0,96.5,97.98,0.25,0.5,76.01
s6_sit,60.0,90.0,96.5,97.99,0.24,0.48,75.42
s6_sit,70.0,100.0,96.5,97.99,0.23,0.46,76.83
s6_sit,80.0,110.0,96.5,97.98,0.23,0.46,76.43
s6_sit,90.0,120.0,96.5,97.97,0.23,0.46,75.37
s6_sit,100.0,130.0,96.5,97.97,0.23,0.46,75.54
s6_sit,110.0,140.0,96.5,97.97,0.23,0.46,77.98
s6_sit,120.0,150.0,96.5,97.97,0.24,0.47,78.24
s6_sit,130.0,160.0,96.5,97.98,0.23,0.46,77.75
s6_sit,140.0,170.0,96.5,97.99,0.22,0.43,76.52
s6_sit,150.0,180.0,96.5,97.99,0.22,0.43,75.78
s6_sit,160.0,190.0,96.5,97.98,0.22,0.43,76.41
s6_sit,170.0,200.0,96.5,97.97,0.22,0.43,78.17
s6_sit,180.0,210.0,96.5,97.98,0.22,0.44,76.43
s6_sit,190.0,220.0,96.5,97.97,0.23,0.44,76.35
s6_sit,200.0,230.0,96.5,97.97,0.22,0.43,76.07
s6_sit,210.0,240.0,96.5,97.96,0.22,0.43,77.83
s6_sit,220.0,250.0,96.5,97.94,0.23,0.43,78.49
s6_sit,230.0,260.0,96.5,97.94,0.23,0.45,79.3
s6_sit,240.0,270.0,96.5,97.95,0.23,0.45,80.67
s6_sit,250.0,280.0,96.5,97.97,0.22,0.44,81.22
s6_sit,260.0,290.0,96.5,97.98,0.22,0.44,78.98
s6_sit,270.0,300.0,96.5,97.99,0.22,0.44,77.07
s6_sit,280.0,310.0,96.5,98.0,0.22,0.45,75.72
s6_sit,290.0,320.0,96.5,98.0,0.23,0.46,76.49
s6_sit,300.0,330.0,96.5,98.0,0.23,0.47,77.3
s6_sit,310.0,340.0,96.5,98.0,0.23,0.46,76.6
s6_sit,320.0,350.0,96.5,98.0,0.23,0.46,77.14
s6_sit,330.0,360.0,96.5,97.98,0.23,0.47,77.24
s6_sit,340.0,370.0,96.5,97.97,0.25,0.48,78.65
s6_sit,350.0,380.0,96.5,97.96,0.25,0.48,78.15
s6_sit,360.0,390.0,96.5,97.96,0.25,0.48,78.15
s6_sit,370.0,400.0,96.5,97.96,0.25,0.49,77.83
s6_sit,380.0,410.0,96.5,97.95,0.25,0.48,79.02
s6_sit,390.0,420.0,96.5,97.95,0.26,0.5,78.51
s6_sit,400.0,430.0,96.5,97.95,0.26,0.5,79.34
s6_sit,410.0,440.0,96.5,97.96,0.26,0.51,77.81
s6_sit,420.0,450.0,96.5,97.96,0.26,0.51,77.73
s6_sit,430.0,460.0,96.5,97.97,0.27,0.53,78.52
s6_sit,440.0,470.0,96.5,97.98,0.28,0.55,79.95
s6_sit,450.0,480.0,96.5,97.98,0.28,0.56,79.57
s6_sit,460.0,490.0,96.5,97.98,0.28,0.55,77.39
s6_sit,469.002,499.002,96.5,97.97,0.27,0.53,76.64
s7_sit,0.0,30.0,97.5,98.35,0.52,1.45,62.89
s7_sit,10.0,40.0,97.5,98.34,0.45,1.25,63.39
s7_sit,20.0,50.0,97.5,98.34,0.44,1.21,62.93
s7_sit,30.0,60.0,97.5,98.33,0.34,0.94,64.18
s7_sit,40.0,70.0,97.5,98.34,0.39,1.07,63.79
s7_sit,50.0,80.0,97.5,98.33,0.39,1.07,64.23
s7_sit,60.0,90.0,97.5,98.33,0.47,1.28,63.95
s7_sit,70.0,100.0,97.5,98.32,0.55,1.51,63.55
s7_sit,80.0,110.0,97.5,98.32,0.49,1.34,64.24
s7_sit,90.0,120.0,97.5,98.33,0.46,1.27,64.39
s7_sit,100.0,130.0,97.5,98.33,0.44,1.21,63.77
s7_sit,110.0,140.0,97.5,98.3,0.54,1.44,63.98
s7_sit,120.0,150.0,97.5,98.32,0.57,1.55,63.05
s7_sit,130.0,160.0,97.5,98.33,0.57,1.58,64.18
s7_sit,140.0,170.0,97.5,98.36,0.48,1.37,64.02
s7_sit,150.0,180.0,97.5,98.34,0.43,1.2,65.58
s7_sit,160.0,190.0,97.5,98.36,0.34,0.97,65.9
s7_sit,170.0,200.0,97.5,98.38,0.3,0.86,65.36
s7_sit,180.0,210.0,97.5,98.37,0.28,0.79,63.97
s7_sit,190.0,220.0,97.5,98.38,0.31,0.91,64.2
s7_sit,200.0,230.0,97.5,98.35,0.4,1.11,66.21
s7_sit,210.0,240.0,97.5,98.34,0.39,1.08,66.25
s7_sit,220.0,250.0,97.5,98.34,0.38,1.05,66.47
s7_sit,230.0,260.0,97.5,98.34,0.37,1.03,63.51
s7_sit,240.0,270.0,97.5,98.34,0.4,1.12,65.35
s7_sit,250.0,280.0,97.5,98.34,0.43,1.18,65.12
s7_sit,260.0,290.0,97.5,98.32,0.37,1.0,66.16
s7_sit,270.0,300.0,97.5,98.34,0.32,0.88,65.56
s7_sit,280.0,310.0,97.5,98.33,0.2,0.55,64.18
s7_sit,290.0,320.0,97.5,98.36,0.2,0.55,65.92
s7_sit,300.0,330.0,97.5,98.36,0.19,0.54,66.03
s7_sit,310.0,340.0,97.5,98.34,0.23,0.63,66.82
s7_sit,320.0,350.0,97.5,98.36,0.24,0.67,66.64
s7_sit,330.0,360.0,97.5,98.38,0.24,0.69,66.21
s7_sit,340.0,370.0,97.5,98.41,0.22,0.66,64.43
s7_sit,350.0,380.0,97.5,98.39,0.23,0.67,64.05
s7_sit,360.0,390.0,97.5,98.4,0.23,0.67,64.49
s7_sit,370.0,400.0,97.5,98.37,0.21,0.6,65.4
s7_sit,380.0,410.0,97.5,98.35,0.21,0.6,64.57
s7_sit,390.0,420.0,97.5,98.39,0.24,0.71,63.15
s7_sit,400.0,430.0,97.5,98.35,0.34,0.95,63.55
s7_sit,410.0,440.0,97.5,98.35,0.34,0.96,63.49
s7_sit,420.0,450.0,97.5,98.35,0.3,0.85,62.79
s7_sit,430.0,460.0,97.5,98.36,0.24,0.68,63.03
s7_sit,440.0,470.0,97.5,98.35,0.25,0.69,63.41
s7_sit,450.0,480.0,97.5,98.35,0.23,0.64,65.44
s7_sit,460.0,490.0,97.5,98.36,0.2,0.56,67.19
s7_sit,470.0,500.0,97.5,98.36,0.15,0.42,70.19
s7_sit,476.01,506.01,97.5,98.38,0.12,0.36,68.55
s8_sit,0.0,30.0,97.0,98.25,0.31,0.8,84.93
s8_sit,10.0,40.0,97.0,98.24,0.3,0.76,84.59
s8_sit,20.0,50.0,97.0,98.24,0.28,0.71,87.05
s8_sit,30.0,60.0,97.0,98.23,0.27,0.67,86.7
s8_sit,40.0,70.0,97.0,98.25,0.26,0.66,84.65
s8_sit,50.0,80.0,97.0,98.27,0.27,0.69,82.2
s8_sit,60.0,90.0,97.0,98.27,0.3,0.79,79.28
s8_sit,70.0,100.0,97.0,98.27,0.31,0.79,79.4
s8_sit,80.0,110.0,97.0,98.26,0.3,0.78,79.97
s8_sit,90.0,120.0,97.0,98.2,0.27,0.66,80.33
s8_sit,100.0,130.0,97.0,98.14,0.24,0.56,83.09
s8_sit,110.0,140.0,97.0,98.14,0.22,0.52,84.23
s8_sit,120.0,150.0,97.0,98.21,0.25,0.61,84.82
s8_sit,130.0,160.0,97.0,98.24,0.28,0.71,82.22
s8_sit,140.0,170.0,97.0,98.12,0.31,0.71,81.04
s8_sit,150.0,180.0,97.0,97.96,0.38,0.75,82.54
s8_sit,160.0,190.0,97.0,97.83,0.44,0.75,81.46
s8_sit,170.0,200.0,97.0,97.82,0.48,0.81,81.37
s8_sit,180.0,210.0,97.0,97.8,0.44,0.72,81.97
s8_sit,190.0,220.0,97.0,97.73,0.48,0.72,81.75
s8_sit,200.0,230.0,97.0,97.71,0.45,0.67,87.36
s8_sit,210.0,240.0,97.0,97.64,0.55,0.7,84.28
s8_sit,220.0,250.0,97.0,97.69,0.49,0.69,84.41
s8_sit,230.0,260.0,97.0,97.78,0.49,0.79,79.86
s8_sit,240.0,270.0,97.0,97.9,0.47,0.86,83.06
s8_sit,250.0,280.0,97.0,97.72,0.58,0.87,86.02
s8_sit,260.0,290.0,97.0,97.63,0.66,0.78,89.37
s8_sit,270.0,300.0,97.0,97.65,0.72,0.79,90.51
s8_sit,280.0,310.0,97.0,97.73,0.85,0.84,88.9
s8_sit,290.0,320.0,97.0,97.7,0.83,0.84,87.95
s8_sit,300.0,330.0,97.0,97.64,0.69,0.83,82.76
s8_sit,310.0,340.0,97.0,97.79,0.48,0.79,80.72
s8_sit,320.0,350.0,97.0,98.08,0.4,0.88,83.36
s8_sit,330.0,360.0,97.0,98.13,0.4,0.91,83.25
s8_sit,340.0,370.0,97.0,98.18,0.41,0.97,81.77
s8_sit,350.0,380.0,97.0,98.14,0.38,0.87,82.22
s8_sit,360.0,390.0,97.0,98.01,0.36,0.73,84.25
s8_sit,370.0,400.0,97.0,97.64,0.57,0.67,86.37
s8_sit,380.0,410.0,97.0,98.32,0.81,0.62,82.02
s8_sit,390.0,420.0,97.0,98.06,0.84,0.69,80.76
s8_sit,400.0,430.0,97.0,97.63,0.63,0.75,82.49
s8_sit,410.0,440.0,97.0,97.97,0.43,0.85,83.29
s8_sit,420.0,450.0,97.0,97.94,0.49,0.94,82.11
s8_sit,430.0,460.0,97.0,97.95,0.48,0.93,80.06
s8_sit,440.0,470.0,97.0,97.72,0.62,0.92,80.34
s8_sit,450.0,480.0,97.0,97.73,0.59,0.89,78.8
s8_sit,459.538,489.538,97.0,97.78,0.6,0.96,78.26
s9_sit,0.0,30.0,98.5,98.39,0.07,0.2,55.2
s9_sit,10.0,40.0,98.5,98.23,0.08,0.2,56.3
s9_sit,20.0,50.0,98.5,98.26,0.07,0.19,57.22
s9_sit,30.0,60.0,98.5,98.35,0.06,0.16,58.05
s9_sit,40.0,70.0,98.5,98.3,0.06,0.16,63.27
s9_sit,50.0,80.0,98.5,98.02,0.08,0.16,60.84
s9_sit,60.0,90.0,98.5,98.01,0.08,0.17,61.51
s9_sit,70.0,100.0,98.5,98.09,0.08,0.17,62.18
s9_sit,80.0,110.0,98.5,98.2,0.07,0.18,67.13
s9_sit,90.0,120.0,98.5,98.19,0.08,0.18,73.3
s9_sit,100.0,130.0,98.5,98.14,0.08,0.18,74.92
s9_sit,110.0,140.0,98.5,98.18,0.08,0.19,72.94
s9_sit,120.0,150.0,98.5,98.31,0.07,0.19,68.3
s9_sit,130.0,160.0,98.5,98.33,0.08,0.22,61.38
s9_sit,140.0,170.0,98.5,98.33,0.08,0.22,60.73
s9_sit,150.0,180.0,98.5,98.25,0.08,0.21,60.95
s9_sit,160.0,190.0,98.5,98.29,0.07,0.2,67.15
s9_sit,170.0,200.0,98.5,98.34,0.07,0.18,71.75
s9_sit,180.0,210.0,98.5,98.34,0.06,0.16,73.0
s9_sit,190.0,220.0,98.5,98.39,0.05,0.14,68.66
s9_sit,200.0,230.0,98.5,98.31,0.05,0.15,65.89
s9_sit,210.0,240.0,98.5,98.2,0.07,0.16,68.68
s9_sit,220.0,250.0,98.5,98.31,0.07,0.18,68.41
s9_sit,230.0,260.0,98.5,98.29,0.07,0.17,71.81
s9_sit,240.0,270.0,98.5,98.28,0.06,0.17,72.24
s9_sit,250.0,280.0,98.5,98.14,0.06,0.14,75.01
s9_sit,260.0,290.0,98.5,98.12,0.07,0.15,69.89
s9_sit,270.0,300.0,98.5,98.06,0.08,0.16,68.07
s9_sit,280.0,310.0,98.5,98.17,0.08,0.18,68.66
s9_sit,290.0,320.0,98.5,98.14,0.08,0.18,72.72
s9_sit,300.0,330.0,98.5,98.2,0.08,0.19,74.47
s9_sit,310.0,340.0,98.5,98.17,0.08,0.19,72.74
s9_sit,320.0,350.0,98.5,98.19,0.08,0.19,72.8
s9_sit,330.0,360.0,98.5,98.12,0.08,0.19,70.46
s9_sit,340.0,370.0,98.5,98.14,0.08,0.18,69.77
s9_sit,350.0,380.0,98.5,98.14,0.07,0.17,74.5
s9_sit,360.0,390.0,98.5,98.15,0.06,0.15,76.87
s9_sit,370.0,400.0,98.5,98.05,0.07,0.15,74.2
s9_sit,380.0,410.0,98.5,98.08,0.07,0.15,65.44
s9_sit,390.0,420.0,98.5,97.95,0.09,0.16,66.75
s9_sit,400.0,430.0,98.5,98.05,0.08,0.16,71.75
s9_sit,410.0,440.0,98.5,98.12,0.08,0.18,78.91
s9_sit,420.0,450.0,98.5,98.17,0.08,0.18,79.64
s9_sit,430.0,460.0,98.5,98.17,0.07,0.17,79.06
s9_sit,440.0,470.0,98.5,98.14,0.07,0.17,75.62
s9_sit,450.0,480.0,98.5,98.12,0.07,0.17,77.7
s9_sit,456.832,486.832,98.5,98.18,0.08,0.18,74.9
