subject_id,start_seconds,end_seconds,rr_reference,rr_legacy,rr_ecg_fusion,rr_ppg_fusion,rr_multimodal,quality_ecg,quality_ppg,quality_multi,mode_multi
1,0.0,60.0,22.807472919179986,20.0,23.63,23.65,23.64,0.3445,0.3927,0.364,BIMODAL
1,30.0,90.0,21.377743986657006,23.0,20.26,20.44,20.36,0.4329,0.3176,0.3927,BIMODAL
1,60.0,120.0,22.017194487936717,23.0,22.83,14.88,22.73,0.3778,0.4092,0.2551,BIMODAL
1,90.0,150.0,21.476134621699842,22.0,21.21,14.1,21.12,0.4955,0.4636,0.4363,BIMODAL
1,120.0,180.0,20.989296384000298,22.0,21.77,21.58,21.64,0.5778,0.6492,0.5986,BIMODAL
1,150.0,210.0,21.24345377100337,20.0,20.95,21.03,20.99,0.5834,0.6735,0.6273,BIMODAL
1,180.0,240.0,21.08968606567896,20.0,21.1,21.06,21.08,0.6396,0.6374,0.639,BIMODAL
1,210.0,270.0,20.610281829037632,23.0,20.84,20.79,20.8,0.5334,0.7245,0.6439,BIMODAL
1,240.0,300.0,20.628278274612654,22.0,20.47,20.47,20.47,0.629,0.7684,0.6946,BIMODAL
1,270.0,330.0,20.63562298819945,20.0,20.89,20.91,20.9,0.5382,0.6114,0.5748,BIMODAL
1,300.0,360.0,20.466639758842334,22.0,20.76,20.53,20.65,0.509,0.5014,0.5047,BIMODAL
1,330.0,390.0,20.640210306837616,22.0,20.35,20.43,20.38,0.3909,0.4974,0.439,BIMODAL
1,360.0,420.0,20.979027544905687,21.0,21.08,21.03,21.05,0.5904,0.7738,0.6895,BIMODAL
1,390.0,450.0,21.37192259063523,23.0,21.46,21.52,21.48,0.3679,0.3892,0.3766,BIMODAL
1,420.0,480.0,21.024601362124237,22.0,20.94,20.96,20.95,0.535,0.723,0.62,BIMODAL
2,0.0,60.0,15.910060246174801,18.0,15.97,15.78,15.95,0.6309,0.2628,0.5521,BIMODAL
2,30.0,90.0,15.730337431701102,21.0,16.14,15.8,16.05,0.6404,0.5319,0.604,BIMODAL
2,60.0,120.0,15.10251556846157,22.0,14.6,15.24,14.72,0.5976,0.4091,0.5315,BIMODAL
2,90.0,150.0,15.298914314891402,21.0,15.21,15.06,15.19,0.6033,0.5725,0.595,BIMODAL
2,120.0,180.0,14.878844896347474,22.0,16.05,16.44,16.15,0.545,0.3307,0.5008,BIMODAL
2,150.0,210.0,14.726994530582132,22.0,14.36,15.03,14.62,0.5055,0.5113,0.5027,BIMODAL
2,180.0,240.0,15.309470082094819,17.0,15.45,15.21,15.4,0.5075,0.4786,0.4944,BIMODAL
2,210.0,270.0,15.217101708777811,19.0,15.21,15.36,15.23,0.5159,0.268,0.459,BIMODAL
2,240.0,300.0,14.928583430065299,19.0,14.59,15.02,14.67,0.5444,0.5723,0.5543,BIMODAL
2,270.0,330.0,16.52953312204977,19.0,15.38,15.55,15.41,0.6087,0.3416,0.5375,BIMODAL
2,300.0,360.0,16.664384310184808,21.0,15.97,16.12,16.03,0.3944,0.4799,0.4221,BIMODAL
2,330.0,390.0,15.071429595665762,17.0,15.3,15.16,15.25,0.4043,0.467,0.4334,BIMODAL
2,360.0,420.0,14.211958898147675,16.0,14.0,14.24,14.07,0.4835,0.4265,0.4654,BIMODAL
2,390.0,450.0,14.71208728765404,18.0,14.13,14.2,14.16,0.418,0.3758,0.4033,BIMODAL
2,420.0,480.0,15.443447899901358,19.0,15.47,15.41,15.44,0.3945,0.4353,0.4264,BIMODAL
3,0.0,60.0,17.523409700351102,16.0,17.3,17.42,17.32,0.6237,0.5906,0.6177,BIMODAL
3,30.0,90.0,17.714491120432314,16.0,17.89,17.77,17.87,0.5867,0.416,0.55,BIMODAL
3,60.0,120.0,17.924927608617217,9.0,17.66,17.73,17.69,0.5213,0.7227,0.5879,BIMODAL
3,90.0,150.0,18.280921783241926,16.0,18.1,18.32,18.12,0.5119,0.2947,0.4628,BIMODAL
3,120.0,180.0,18.08422526520635,18.0,19.07,18.9,19.04,0.5336,0.5244,0.5286,BIMODAL
3,150.0,210.0,17.998234630820587,19.0,17.91,18.07,17.94,0.4979,0.4184,0.4808,BIMODAL
3,180.0,240.0,17.70695344772177,15.0,17.71,17.7,17.71,0.637,0.5952,0.6272,BIMODAL
3,210.0,270.0,17.764684595980313,13.0,17.84,17.77,17.82,0.6025,0.6479,0.6186,BIMODAL
3,240.0,300.0,17.829696486109384,16.0,17.89,17.79,17.86,0.6763,0.771,0.6982,BIMODAL
3,270.0,330.0,17.754023501731474,17.0,17.55,17.67,17.57,0.3953,0.3843,0.3928,BIMODAL
3,300.0,360.0,17.788633470891853,15.0,17.88,17.92,17.9,0.4864,0.6771,0.5542,BIMODAL
3,330.0,390.0,17.860968839183787,13.0,17.39,17.53,17.47,0.4521,0.6844,0.5371,BIMODAL
3,360.0,420.0,17.99068860648954,13.0,18.58,18.56,18.57,0.5125,0.7511,0.5846,BIMODAL
3,390.0,450.0,17.216655512754983,12.0,16.85,16.68,16.82,0.4694,0.3424,0.4323,BIMODAL
3,420.0,480.0,16.901420520752602,9.0,17.32,25.14,17.33,0.4461,0.4119,0.4142,BIMODAL
4,0.0,60.0,17.05757067500921,12.0,15.77,16.37,16.18,0.3917,0.4452,0.4158,BIMODAL
4,30.0,90.0,16.51499101518545,16.0,16.51,16.45,16.47,0.4105,0.5983,0.49,BIMODAL
4,60.0,120.0,16.658586809464172,21.0,16.44,16.58,16.51,0.3678,0.4342,0.4,BIMODAL
4,90.0,150.0,16.88841701305688,19.0,18.97,16.74,16.76,0.3092,0.3774,0.3245,BIMODAL
4,120.0,180.0,17.214178670259642,16.0,17.38,17.36,17.37,0.4492,0.5103,0.4735,BIMODAL
4,150.0,210.0,16.4823845293561,21.0,16.88,16.83,16.86,0.5358,0.4764,0.5154,BIMODAL
4,180.0,240.0,16.665458613275838,20.0,16.6,16.68,16.63,0.4491,0.4009,0.4302,BIMODAL
4,210.0,270.0,15.981249393849904,18.0,16.23,16.22,16.22,0.4008,0.5579,0.4818,BIMODAL
4,240.0,300.0,15.98579048921902,20.0,16.37,16.56,16.43,0.4928,0.4598,0.4791,BIMODAL
4,270.0,330.0,17.37544892774651,17.0,16.24,16.17,16.22,0.5498,0.6196,0.5792,BIMODAL
4,300.0,360.0,17.670299991817675,16.0,18.44,19.39,18.71,0.3229,0.2918,0.3579,BIMODAL
4,330.0,390.0,15.97103950416316,16.0,16.17,14.96,16.16,0.5166,0.2327,0.4539,BIMODAL
4,360.0,420.0,15.854040352435145,14.0,16.07,16.07,16.07,0.317,0.5461,0.4172,BIMODAL
4,390.0,450.0,16.366051510952737,17.0,15.88,16.08,15.97,0.4726,0.511,0.4923,BIMODAL
4,420.0,480.0,15.803895089754851,20.0,16.14,16.05,16.08,0.5135,0.6648,0.5798,BIMODAL
5,0.0,60.0,6.19631566169771,19.0,12.26,12.38,12.33,0.3896,0.5041,0.4496,BIMODAL
5,30.0,90.0,5.924638929786029,17.0,13.63,13.62,13.62,0.2903,0.3645,0.324,BIMODAL
5,60.0,120.0,6.177502529025372,21.0,13.29,13.43,13.38,0.3553,0.4901,0.4429,BIMODAL
5,90.0,150.0,6.114961384828108,18.0,11.68,13.88,13.97,0.2871,0.4203,0.348,BIMODAL
5,120.0,180.0,5.240182506632378,14.0,12.31,13.65,12.5,0.3773,0.3314,0.3132,BIMODAL
5,150.0,210.0,6.741003916398464,16.0,15.42,15.55,15.47,0.2805,0.3856,0.3374,BIMODAL
5,180.0,240.0,6.169292240038196,19.0,14.47,14.5,14.5,0.215,0.3161,0.2679,BIMODAL
5,210.0,270.0,6.252084028009335,18.0,12.7,12.75,12.73,0.3187,0.4007,0.3437,BIMODAL
5,240.0,300.0,6.347028671500951,16.0,13.98,14.19,14.05,0.3831,0.5073,0.4279,BIMODAL
5,270.0,330.0,5.090356747333293,15.0,19.32,14.51,14.35,0.297,0.4014,0.3471,BIMODAL
5,300.0,360.0,5.601265409101012,19.0,12.55,12.66,12.59,0.4235,0.3927,0.4044,BIMODAL
5,330.0,390.0,5.705591512670241,20.0,13.26,13.19,13.23,0.3865,0.4565,0.4152,BIMODAL
5,360.0,420.0,5.8343060353710605,20.0,12.16,12.23,12.18,0.4071,0.3372,0.3818,BIMODAL
5,390.0,450.0,6.075830299815252,18.0,11.46,11.71,11.55,0.3664,0.3399,0.3476,BIMODAL
5,420.0,480.0,6.340886214437322,17.0,13.47,13.14,13.4,0.4485,0.4445,0.4449,BIMODAL
6,0.0,60.0,20.01404652301213,17.0,19.85,20.0,19.93,0.5339,0.6914,0.6037,BIMODAL
6,30.0,90.0,20.16619470616592,19.0,19.99,19.89,19.92,0.5862,0.6931,0.6457,BIMODAL
6,60.0,120.0,20.043527739821176,19.0,19.96,20.18,20.08,0.5299,0.6629,0.5952,BIMODAL
6,90.0,150.0,19.992996822557004,19.0,19.98,19.78,19.87,0.628,0.764,0.6942,BIMODAL
6,120.0,180.0,20.02310660646122,21.0,20.08,20.01,20.05,0.6515,0.6007,0.6288,BIMODAL
6,150.0,210.0,19.987437834959753,19.0,19.97,20.05,20.01,0.6691,0.7397,0.7042,BIMODAL
6,180.0,240.0,20.0472256849064,16.0,20.0,20.01,20.0,0.5771,0.7536,0.6617,BIMODAL
6,210.0,270.0,19.975468943413556,18.0,20.05,19.87,19.98,0.5826,0.5719,0.5754,BIMODAL
6,240.0,300.0,20.042308672185854,18.0,19.84,20.16,19.95,0.567,0.5622,0.5656,BIMODAL
6,270.0,330.0,20.03515740486471,21.0,20.16,19.96,20.08,0.657,0.7562,0.6932,BIMODAL
6,300.0,360.0,20.039389882013268,21.0,20.1,20.36,20.2,0.5545,0.6275,0.5817,BIMODAL
6,330.0,390.0,20.00754851126884,18.0,19.76,19.67,19.71,0.5078,0.6807,0.6068,BIMODAL
6,360.0,420.0,20.507016124083748,20.0,20.1,20.11,20.11,0.6422,0.7689,0.7132,BIMODAL
6,390.0,450.0,20.4808392831695,18.0,20.05,20.05,20.05,0.6113,0.7266,0.6608,BIMODAL
6,420.0,480.0,19.976275656337478,19.0,20.04,19.95,19.98,0.5989,0.7901,0.694,BIMODAL
7,0.0,60.0,19.99158288505265,22.0,20.03,20.0,20.02,0.7113,0.6069,0.6855,BIMODAL
7,30.0,90.0,19.98037998286419,21.0,19.96,20.01,19.97,0.686,0.5849,0.6599,BIMODAL
7,60.0,120.0,19.998597475953044,22.0,20.01,19.96,19.99,0.6572,0.5967,0.6394,BIMODAL
7,90.0,150.0,20.042251184108487,18.0,19.99,19.92,19.97,0.6291,0.6796,0.6422,BIMODAL
7,120.0,180.0,19.998601414798628,18.0,20.04,20.08,20.06,0.6519,0.638,0.6481,BIMODAL
7,150.0,210.0,20.030950267830193,20.0,20.03,19.93,20.0,0.754,0.6852,0.7314,BIMODAL
7,180.0,240.0,19.99020868460452,21.0,19.96,19.96,19.96,0.7453,0.6446,0.7159,BIMODAL
7,210.0,270.0,20.030926519935434,20.0,19.99,19.9,19.97,0.7042,0.674,0.694,BIMODAL
7,240.0,300.0,20.01826711368947,21.0,19.97,19.98,19.97,0.7144,0.6268,0.6883,BIMODAL
7,270.0,330.0,20.08887608399973,19.0,20.05,20.09,20.06,0.619,0.5576,0.6051,BIMODAL
7,300.0,360.0,19.97617673046146,18.0,19.94,19.98,19.95,0.7101,0.4632,0.6464,BIMODAL
7,330.0,390.0,20.02393173808422,17.0,20.16,20.05,20.14,0.5554,0.4418,0.5224,BIMODAL
7,360.0,420.0,19.973390913827018,20.0,19.9,19.86,19.89,0.5892,0.5886,0.5901,BIMODAL
7,390.0,450.0,19.953819487676206,18.0,19.94,20.06,19.98,0.722,0.6548,0.6959,BIMODAL
7,420.0,480.0,19.9719726969022,19.0,20.05,20.0,20.04,0.7473,0.5468,0.6992,BIMODAL
8,0.0,60.0,21.272075013011918,21.0,19.47,21.0,19.48,0.4865,0.3904,0.4642,BIMODAL
8,30.0,90.0,20.27897384227599,20.0,20.6,20.74,20.62,0.5952,0.3539,0.5471,BIMODAL
8,60.0,120.0,21.55025061701792,19.0,21.36,21.05,21.34,0.7032,0.3685,0.6312,BIMODAL
8,90.0,150.0,21.58578917971507,20.0,21.64,19.75,21.61,0.5131,0.3046,0.448,BIMODAL
8,120.0,180.0,20.586587671739863,20.0,20.93,21.08,20.95,0.5795,0.3958,0.5315,BIMODAL
8,150.0,210.0,20.706806033291727,21.0,20.97,20.9,20.96,0.5549,0.3779,0.5158,BIMODAL
8,180.0,240.0,21.475360351677537,21.0,21.57,21.56,21.57,0.4511,0.3405,0.4217,BIMODAL
8,210.0,270.0,21.264531190039015,20.0,21.25,21.31,21.27,0.6416,0.4294,0.5688,BIMODAL
8,240.0,300.0,21.416354915600788,20.0,21.64,21.73,21.65,0.5589,0.3226,0.4932,BIMODAL
8,270.0,330.0,21.165516007634757,21.0,20.26,20.2,20.26,0.497,0.3498,0.4669,BIMODAL
8,300.0,360.0,21.199920387814565,20.0,21.59,21.54,21.59,0.4815,0.3538,0.4513,BIMODAL
8,330.0,390.0,21.503247327334027,22.0,21.66,21.81,21.69,0.6617,0.4164,0.6109,BIMODAL
8,360.0,420.0,20.788642529733625,23.0,20.32,20.43,20.35,0.4679,0.336,0.427,BIMODAL
8,390.0,450.0,20.779941328127613,20.0,21.12,17.86,21.12,0.4553,0.1242,0.4255,BIMODAL
8,420.0,480.0,21.509059591141757,21.0,21.92,21.99,21.92,0.488,0.319,0.4646,BIMODAL
9,0.0,60.0,20.04366559003834,19.0,19.94,19.97,19.95,0.6432,0.596,0.6268,BIMODAL
9,30.0,90.0,20.002832636129682,18.0,19.99,20.04,20.0,0.6171,0.6171,0.6181,BIMODAL
9,60.0,120.0,19.99158249158249,16.0,20.02,20.04,20.02,0.6597,0.5202,0.6215,BIMODAL
9,90.0,150.0,20.005616005699025,21.0,19.99,20.1,20.02,0.6805,0.4843,0.5985,BIMODAL
9,120.0,180.0,20.015479053413245,21.0,20.0,19.88,19.96,0.731,0.5225,0.667,BIMODAL
9,150.0,210.0,20.02107570482714,20.0,20.03,20.12,20.07,0.6044,0.6196,0.6115,BIMODAL
9,180.0,240.0,19.992985015961025,21.0,20.01,19.95,20.0,0.6374,0.5654,0.614,BIMODAL
9,210.0,270.0,20.02390010753775,19.0,20.04,19.66,20.02,0.6961,0.2938,0.5994,BIMODAL
9,240.0,300.0,19.948247759990977,20.0,20.03,29.06,20.03,0.4733,0.2565,0.4328,BIMODAL
9,270.0,330.0,19.984575768432485,23.0,20.04,19.94,20.03,0.6061,0.4377,0.5683,BIMODAL
9,300.0,360.0,21.50270718684445,20.0,19.99,19.57,19.97,0.6644,0.4268,0.5804,BIMODAL
9,330.0,390.0,20.535940335659248,21.0,20.01,20.17,20.04,0.6325,0.3086,0.5302,BIMODAL
9,360.0,420.0,20.009872888945594,19.0,20.03,20.07,20.03,0.6369,0.4923,0.601,BIMODAL
9,390.0,450.0,20.035232654362503,21.0,19.99,19.9,19.97,0.6447,0.522,0.61,BIMODAL
9,420.0,480.0,19.99442690399693,21.0,19.99,20.03,20.0,0.6716,0.5209,0.6258,BIMODAL
10,0.0,60.0,19.787468893474795,19.0,18.54,17.41,18.58,0.2597,0.3274,0.2759,BIMODAL
10,30.0,90.0,18.611711857634624,19.0,19.11,18.98,19.01,0.3746,0.6754,0.5129,BIMODAL
10,60.0,120.0,18.700668642952767,19.0,18.62,18.8,18.77,0.3886,0.7825,0.6081,BIMODAL
10,90.0,150.0,18.757821550843886,18.0,18.44,18.48,18.47,0.2644,0.6271,0.4441,BIMODAL
10,120.0,180.0,19.090463217703874,21.0,18.63,19.31,18.67,0.3853,0.2759,0.3704,BIMODAL
10,150.0,210.0,19.30422875240123,22.0,18.91,19.82,19.23,0.3942,0.3576,0.3808,BIMODAL
10,180.0,240.0,18.856785753548294,21.0,18.86,18.71,18.77,0.389,0.4667,0.4222,BIMODAL
10,210.0,270.0,17.932503038908962,20.0,18.97,18.9,18.92,0.2757,0.496,0.3872,BIMODAL
10,240.0,300.0,18.66121797634528,19.0,17.7,18.13,18.0,0.3864,0.4564,0.4093,BIMODAL
10,270.0,330.0,19.91238012100709,20.0,13.27,18.31,18.28,0.321,0.3658,0.2391,BIMODAL
10,300.0,360.0,20.052274299823157,20.0,20.63,18.0,20.6,0.428,0.2014,0.3854,BIMODAL
10,330.0,390.0,18.01107026113874,16.0,17.43,17.57,17.5,0.3922,0.6407,0.5257,BIMODAL
10,360.0,420.0,17.798562242082014,18.0,17.77,17.83,17.82,0.2255,0.6752,0.5184,BIMODAL
10,390.0,450.0,17.994585389292524,16.0,18.66,18.59,18.61,0.4049,0.542,0.4728,BIMODAL
10,420.0,480.0,17.81694782462708,17.0,19.74,19.14,19.51,0.3509,0.4766,0.3965,BIMODAL
11,0.0,60.0,15.209803638696645,21.0,15.06,14.89,14.96,0.5431,0.7584,0.6494,BIMODAL
11,30.0,90.0,14.365714412248186,21.0,15.53,15.66,15.62,0.393,0.535,0.4766,BIMODAL
11,60.0,120.0,14.748247723567651,20.0,14.95,15.0,14.98,0.5291,0.6901,0.6123,BIMODAL
11,90.0,150.0,14.883120266280223,21.0,13.94,14.0,13.98,0.3357,0.5913,0.4767,BIMODAL
11,120.0,180.0,15.227456753772543,21.0,15.47,15.57,15.53,0.3965,0.541,0.4616,BIMODAL
11,150.0,210.0,15.18785176896861,20.0,13.93,15.85,13.97,0.4807,0.549,0.4913,BIMODAL
11,180.0,240.0,13.970758526555944,20.0,15.18,15.37,15.25,0.5531,0.6651,0.6037,BIMODAL
11,210.0,270.0,13.823426651017233,20.0,15.27,13.23,15.22,0.4655,0.4749,0.466,BIMODAL
11,240.0,300.0,14.270231701425157,19.0,14.5,14.55,14.53,0.5453,0.8059,0.6858,BIMODAL
11,270.0,330.0,14.42363288859265,20.0,14.27,14.28,14.28,0.4944,0.7148,0.5956,BIMODAL
11,300.0,360.0,14.558209266291437,22.0,15.6,15.75,15.66,0.4123,0.4916,0.4482,BIMODAL
11,330.0,390.0,17.520315300422837,20.0,15.35,15.11,15.24,0.4754,0.3778,0.4346,BIMODAL
11,360.0,420.0,16.90371559880995,19.0,14.38,14.45,14.42,0.4153,0.5335,0.4666,BIMODAL
11,390.0,450.0,14.019725636193792,16.0,14.29,14.29,14.29,0.4873,0.7224,0.5927,BIMODAL
11,420.0,480.0,13.90778690584326,19.0,14.1,14.18,14.13,0.5354,0.5863,0.5515,BIMODAL
12,0.0,60.0,18.130110294278218,19.0,18.01,18.21,18.13,0.5906,0.8325,0.7323,BIMODAL
12,30.0,90.0,18.387470911594995,18.0,18.51,18.38,18.43,0.4849,0.8008,0.661,BIMODAL
12,60.0,120.0,18.99670078536191,17.0,18.88,18.86,18.88,0.6329,0.7916,0.7013,BIMODAL
12,90.0,150.0,18.641714472196977,15.0,18.59,18.52,18.56,0.6037,0.7109,0.6464,BIMODAL
12,120.0,180.0,18.276622594550112,19.0,18.41,18.47,18.45,0.5354,0.767,0.657,BIMODAL
12,150.0,210.0,17.744078310515818,20.0,17.58,18.24,17.87,0.454,0.6033,0.5122,BIMODAL
12,180.0,240.0,16.97209747648119,21.0,17.05,18.65,17.08,0.4741,0.4039,0.4264,BIMODAL
12,210.0,270.0,17.067341171744214,22.0,16.2,16.25,16.23,0.4883,0.5195,0.4926,BIMODAL
12,240.0,300.0,19.321598835187675,20.0,19.51,19.6,19.55,0.7109,0.6913,0.7024,BIMODAL
12,270.0,330.0,20.51001658712127,21.0,20.62,20.63,20.63,0.5537,0.7679,0.6781,BIMODAL
12,300.0,360.0,20.525863150351736,19.0,20.67,20.58,20.62,0.6593,0.7847,0.7245,BIMODAL
12,330.0,390.0,20.533145047261932,18.0,20.34,20.36,20.35,0.4007,0.6806,0.5732,BIMODAL
12,360.0,420.0,20.290474567726946,17.0,17.5,20.57,20.57,0.2742,0.6074,0.5644,BIMODAL
12,390.0,450.0,19.177753590915206,20.0,19.38,19.63,19.59,0.2527,0.645,0.5124,BIMODAL
12,420.0,480.0,19.136283410224213,21.0,19.25,19.28,19.27,0.4489,0.627,0.5399,BIMODAL
13,0.0,60.0,20.160349714208873,16.0,18.92,19.08,19.01,0.4559,0.6514,0.5679,BIMODAL
13,30.0,90.0,19.472207807227612,18.0,18.63,18.81,18.75,0.4772,0.5821,0.536,BIMODAL
13,60.0,120.0,19.161122849671564,20.0,19.34,19.3,19.33,0.6108,0.4004,0.5478,BIMODAL
13,90.0,150.0,19.996242134318173,17.0,19.64,11.75,19.64,0.6623,0.2956,0.5903,BIMODAL
13,120.0,180.0,19.590944103594452,18.0,19.31,19.26,19.29,0.5623,0.6741,0.6045,BIMODAL
13,150.0,210.0,19.46324008960471,17.0,19.45,19.51,19.49,0.5928,0.6522,0.6255,BIMODAL
13,180.0,240.0,19.571571433128298,18.0,19.58,19.5,19.54,0.3595,0.5725,0.4825,BIMODAL
13,210.0,270.0,19.64801523876918,17.0,19.28,19.48,19.31,0.5416,0.283,0.4988,BIMODAL
13,240.0,300.0,19.723035009359002,20.0,19.96,19.66,19.84,0.5815,0.4731,0.5486,BIMODAL
13,270.0,330.0,21.293321959228457,19.0,15.26,22.32,22.28,0.2396,0.462,0.3115,BIMODAL
13,300.0,360.0,22.3168063609979,18.0,22.3,22.17,22.24,0.5408,0.7403,0.6238,BIMODAL
13,330.0,390.0,21.615859034600795,17.0,21.41,21.79,21.6,0.5617,0.7032,0.6138,BIMODAL
13,360.0,420.0,20.972394259548537,17.0,20.91,22.75,20.86,0.3774,0.3644,0.3611,BIMODAL
13,390.0,450.0,20.447784062765503,17.0,21.1,21.54,21.21,0.393,0.4182,0.4558,BIMODAL
13,420.0,480.0,20.689860579744753,20.0,20.73,21.05,20.79,0.4469,0.4107,0.4199,BIMODAL
14,0.0,60.0,15.203069651823274,14.0,12.79,11.85,12.76,0.6856,0.3176,0.6104,BIMODAL
14,30.0,90.0,15.331723882650795,12.0,12.93,12.97,12.93,0.6501,0.656,0.651,BIMODAL
14,60.0,120.0,12.855411296958165,13.0,12.8,12.41,12.76,0.6655,0.3254,0.582,BIMODAL
14,90.0,150.0,13.139665464635222,14.0,13.02,13.88,13.08,0.6036,0.3284,0.5223,BIMODAL
14,120.0,180.0,12.856295976340231,16.0,13.12,13.36,13.18,0.5975,0.4968,0.5603,BIMODAL
14,150.0,210.0,13.529452642662726,15.0,12.74,12.9,12.78,0.6306,0.5387,0.6052,BIMODAL
14,180.0,240.0,13.655464595626118,15.0,13.01,12.46,12.71,0.7045,0.4552,0.6119,BIMODAL
14,210.0,270.0,12.822356021602356,14.0,13.14,12.72,13.06,0.6908,0.532,0.6453,BIMODAL
14,240.0,300.0,13.13678626768965,14.0,12.94,12.99,12.95,0.6493,0.4951,0.6181,BIMODAL
14,270.0,330.0,15.104841297118178,16.0,12.53,12.56,12.53,0.6175,0.5179,0.5852,BIMODAL
14,300.0,360.0,14.591669707150265,15.0,13.1,11.26,13.09,0.5965,0.293,0.5325,BIMODAL
14,330.0,390.0,13.574805951040247,16.0,12.82,12.7,12.79,0.53,0.3603,0.484,BIMODAL
14,360.0,420.0,13.957284670167843,16.0,12.87,12.93,12.89,0.5353,0.416,0.4978,BIMODAL
14,390.0,450.0,12.917193382812366,17.0,12.97,12.97,12.97,0.5764,0.4561,0.5408,BIMODAL
14,420.0,480.0,12.824952704750455,14.0,11.46,14.49,13.83,0.2513,0.281,0.2734,BIMODAL
15,0.0,60.0,15.93639148661722,16.0,16.06,16.13,16.07,0.7056,0.3411,0.6153,BIMODAL
15,30.0,90.0,15.798467550866139,16.0,16.12,16.17,16.14,0.6361,0.6397,0.6401,BIMODAL
15,60.0,120.0,15.057199449366296,15.0,14.94,15.29,15.04,0.6728,0.5631,0.6492,BIMODAL
15,90.0,150.0,14.723643942298935,14.0,15.5,15.16,15.44,0.6754,0.531,0.6316,BIMODAL
15,120.0,180.0,15.195400854486051,16.0,15.31,15.41,15.35,0.5854,0.6552,0.6152,BIMODAL
15,150.0,210.0,14.38758107374237,16.0,15.21,15.0,15.13,0.6976,0.7285,0.7085,BIMODAL
15,180.0,240.0,13.494577676988307,14.0,13.86,14.08,13.92,0.6316,0.6275,0.6293,BIMODAL
15,210.0,270.0,14.589422395097856,14.0,14.66,14.6,14.65,0.7976,0.5904,0.7408,BIMODAL
15,240.0,300.0,15.214291598925819,16.0,14.53,14.51,14.52,0.6216,0.5655,0.6034,BIMODAL
15,270.0,330.0,15.219724950106407,15.0,15.68,15.9,15.72,0.6453,0.3258,0.5743,BIMODAL
15,300.0,360.0,14.860049887610757,15.0,14.35,14.43,14.38,0.7474,0.7821,0.7612,BIMODAL
15,330.0,390.0,15.522266761176148,16.0,14.56,14.52,14.55,0.6679,0.6174,0.6508,BIMODAL
15,360.0,420.0,13.902085613923436,16.0,18.1,17.89,18.02,0.5146,0.5696,0.5379,BIMODAL
15,390.0,450.0,13.470070033625959,16.0,15.32,15.32,15.32,0.718,0.6979,0.7112,BIMODAL
15,420.0,480.0,13.90397984000357,15.0,14.72,14.68,14.7,0.8306,0.8682,0.8444,BIMODAL
16,0.0,60.0,18.94784148352391,21.0,19.28,19.22,19.25,0.4635,0.541,0.4987,BIMODAL
16,30.0,90.0,19.266479622944885,19.0,19.76,19.78,19.77,0.5447,0.5843,0.5652,BIMODAL
16,60.0,120.0,19.320724107503953,20.0,19.21,19.33,19.26,0.3737,0.494,0.4258,BIMODAL
16,90.0,150.0,19.870438338198255,21.0,17.81,12.83,17.86,0.2934,0.3311,0.2425,BIMODAL
16,120.0,180.0,20.26885174142833,21.0,27.62,20.02,19.85,0.2089,0.5002,0.4532,BIMODAL
16,150.0,210.0,20.054064105132408,21.0,19.88,19.82,19.84,0.263,0.5379,0.4063,BIMODAL
16,180.0,240.0,19.98813329674611,20.0,19.64,19.39,19.43,0.3117,0.6387,0.5055,BIMODAL
16,210.0,270.0,19.105579441674685,21.0,18.86,18.89,18.88,0.4409,0.6798,0.5503,BIMODAL
16,240.0,300.0,18.753927421766797,21.0,18.69,18.79,18.78,0.3991,0.7125,0.5647,BIMODAL
16,270.0,330.0,19.270608558724327,24.0,21.23,19.92,19.89,0.2679,0.5009,0.4172,BIMODAL
16,300.0,360.0,19.91343563738109,25.0,19.14,18.89,18.93,0.3429,0.6647,0.5228,BIMODAL
16,330.0,390.0,19.963589336642766,19.0,20.7,20.53,20.55,0.3526,0.6118,0.4881,BIMODAL
16,360.0,420.0,19.568817862815457,18.0,18.73,19.13,19.08,0.3081,0.6464,0.4943,BIMODAL
16,390.0,450.0,18.934082836214067,20.0,18.97,19.01,19.0,0.4365,0.691,0.5765,BIMODAL
16,420.0,480.0,19.67069794550488,21.0,19.43,19.35,19.39,0.3692,0.6509,0.5062,BIMODAL
17,0.0,60.0,18.66189195571159,21.0,18.3,16.23,18.31,0.5087,0.2156,0.3797,BIMODAL
17,30.0,90.0,18.35378836963161,20.0,13.94,13.82,13.88,0.2187,0.3552,0.2565,BIMODAL
17,60.0,120.0,17.791115664704197,19.0,15.94,14.48,15.8,0.3452,0.372,0.3368,BIMODAL
17,90.0,150.0,17.723431687347563,19.0,17.87,15.95,17.86,0.5361,0.3664,0.4302,BIMODAL
17,120.0,180.0,18.674833586712552,19.0,19.08,18.4,19.06,0.3692,0.2322,0.347,BIMODAL
17,150.0,210.0,16.696814984386666,20.0,14.94,15.63,15.45,0.2702,0.3799,0.3246,BIMODAL
17,180.0,240.0,16.01202857497595,19.0,14.02,14.86,14.65,0.3947,0.3877,0.4095,BIMODAL
17,210.0,270.0,17.23397967563586,20.0,17.57,15.4,17.59,0.3324,0.2887,0.2929,BIMODAL
17,240.0,300.0,16.724750371445825,22.0,17.44,14.41,17.45,0.4991,0.2313,0.4044,BIMODAL
17,270.0,330.0,16.444082233555918,22.0,15.62,15.32,15.49,0.5694,0.583,0.575,BIMODAL
17,300.0,360.0,15.75758142208136,19.0,15.57,15.71,15.59,0.5425,0.3876,0.4934,BIMODAL
17,330.0,390.0,16.44622113338173,19.0,15.78,15.91,15.8,0.4794,0.277,0.4218,BIMODAL
17,360.0,420.0,17.444405203854494,21.0,18.9,17.62,18.67,0.294,0.336,0.2827,BIMODAL
17,390.0,450.0,16.594155032495607,20.0,15.16,15.55,15.21,0.4518,0.3611,0.4086,BIMODAL
17,420.0,480.0,16.463825449528706,20.0,15.29,15.47,15.31,0.4816,0.3289,0.4402,BIMODAL
18,0.0,60.0,17.945189061980003,18.0,18.06,17.89,17.98,0.5554,0.6035,0.5701,BIMODAL
18,30.0,90.0,17.99068860648954,19.0,18.0,18.17,18.04,0.5834,0.5119,0.5572,BIMODAL
18,60.0,120.0,17.993255105945742,17.0,18.07,17.98,18.03,0.6167,0.7073,0.652,BIMODAL
18,90.0,150.0,17.985617237108244,17.0,18.03,17.98,18.01,0.4455,0.5599,0.4928,BIMODAL
18,120.0,180.0,17.986900293861638,18.0,17.98,18.13,18.04,0.6177,0.6366,0.6264,BIMODAL
18,150.0,210.0,17.965337823220917,20.0,18.0,17.95,17.98,0.5599,0.6139,0.5849,BIMODAL
18,180.0,240.0,17.972940588759187,20.0,18.03,17.9,17.99,0.5293,0.6135,0.5537,BIMODAL
18,210.0,270.0,17.992031864417797,19.0,17.96,18.07,18.0,0.6166,0.7175,0.6553,BIMODAL
18,240.0,300.0,18.007210154655198,19.0,18.09,17.97,18.01,0.3699,0.721,0.5511,BIMODAL
18,270.0,330.0,17.974227542730013,22.0,17.92,17.97,17.95,0.3873,0.5967,0.506,BIMODAL
18,300.0,360.0,18.003406462109453,21.0,17.95,17.85,17.88,0.3591,0.5931,0.4728,BIMODAL
18,330.0,390.0,17.98564050030803,18.0,17.97,18.16,18.05,0.7333,0.6755,0.7084,BIMODAL
18,360.0,420.0,17.98435028836479,19.0,17.98,17.98,17.98,0.6816,0.5607,0.6281,BIMODAL
18,390.0,450.0,17.95788897352885,19.0,17.93,17.96,17.94,0.6478,0.6606,0.6533,BIMODAL
18,420.0,480.0,17.97296380280441,18.0,18.03,18.06,18.04,0.6234,0.5444,0.5925,BIMODAL
19,0.0,60.0,15.105608174901958,20.0,16.47,16.25,16.43,0.5645,0.5078,0.5499,BIMODAL
19,30.0,90.0,12.867176256253957,19.0,16.0,14.13,16.01,0.693,0.3701,0.5894,BIMODAL
19,60.0,120.0,14.954103084231846,19.0,16.14,15.96,16.12,0.6127,0.3468,0.5347,BIMODAL
19,90.0,150.0,14.407742320484035,20.0,16.23,16.08,16.19,0.6463,0.6517,0.6486,BIMODAL
19,120.0,180.0,14.338482400766132,19.0,16.58,16.61,16.59,0.5519,0.4288,0.5125,BIMODAL
19,150.0,210.0,15.480276327221898,16.0,15.97,16.05,15.99,0.5789,0.4843,0.5459,BIMODAL
19,180.0,240.0,15.647130211231833,19.0,16.03,15.95,16.0,0.6337,0.5206,0.5912,BIMODAL
19,210.0,270.0,16.03277284081408,22.0,15.97,15.98,15.98,0.682,0.4118,0.6038,BIMODAL
19,240.0,300.0,16.04246660635892,20.0,16.24,16.68,16.34,0.5068,0.4589,0.4966,BIMODAL
19,270.0,330.0,17.266192769713452,19.0,15.86,19.34,15.82,0.5487,0.2097,0.4937,BIMODAL
19,300.0,360.0,15.585797325974672,18.0,17.07,17.03,17.06,0.4715,0.2837,0.4163,BIMODAL
19,330.0,390.0,15.357898499637646,20.0,16.79,16.3,16.66,0.5094,0.4219,0.4762,BIMODAL
19,360.0,420.0,15.792983090807482,19.0,16.33,16.72,16.44,0.5831,0.5172,0.5622,BIMODAL
19,390.0,450.0,16.31853820235913,18.0,16.15,16.1,16.14,0.6091,0.5211,0.5783,BIMODAL
19,420.0,480.0,16.205704744229784,19.0,16.13,16.02,16.11,0.6527,0.4573,0.5848,BIMODAL
20,0.0,60.0,15.648912898674688,18.0,15.22,14.85,15.1,0.6327,0.6829,0.6525,BIMODAL
20,30.0,90.0,15.263878745595914,16.0,15.26,15.42,15.33,0.5936,0.656,0.624,BIMODAL
20,60.0,120.0,15.084040894662213,16.0,15.07,15.03,15.05,0.5911,0.6856,0.6245,BIMODAL
20,90.0,150.0,15.151851824979047,17.0,15.17,15.06,15.15,0.6364,0.4252,0.58,BIMODAL
20,120.0,180.0,15.77388653619191,17.0,15.4,15.49,15.43,0.6876,0.6885,0.6891,BIMODAL
20,150.0,210.0,15.812158453973586,15.0,14.8,14.71,14.77,0.6571,0.7651,0.693,BIMODAL
20,180.0,240.0,15.062501804473126,16.0,15.19,15.04,15.14,0.6283,0.6571,0.6403,BIMODAL
20,210.0,270.0,15.049708194851,15.0,15.02,15.06,15.03,0.6695,0.6854,0.6776,BIMODAL
20,240.0,300.0,15.08858538743001,16.0,15.0,14.88,14.94,0.5821,0.6611,0.6143,BIMODAL
20,270.0,330.0,15.567648256408647,17.0,15.0,15.0,15.0,0.5802,0.7502,0.6583,BIMODAL
20,300.0,360.0,15.34560810730083,16.0,14.95,14.84,14.91,0.5351,0.6005,0.5662,BIMODAL
20,330.0,390.0,14.896858588833517,18.0,14.94,14.92,14.93,0.5694,0.7309,0.6403,BIMODAL
20,360.0,420.0,14.810635520456122,18.0,14.63,14.68,14.66,0.5762,0.7771,0.6656,BIMODAL
20,390.0,450.0,14.383788419829784,17.0,14.07,14.2,14.12,0.643,0.7958,0.7016,BIMODAL
20,420.0,480.0,13.984558087079836,17.0,14.67,14.66,14.66,0.6404,0.6265,0.635,BIMODAL
21,0.0,60.0,15.17015699484076,21.0,17.7,17.56,17.67,0.4541,0.3118,0.4176,BIMODAL
21,30.0,90.0,17.08064945124569,21.0,18.19,18.16,18.17,0.5606,0.6583,0.585,BIMODAL
21,60.0,120.0,17.850892632105353,21.0,17.74,18.03,17.81,0.4239,0.4266,0.4217,BIMODAL
21,90.0,150.0,16.775015158522933,22.0,17.27,12.31,17.26,0.5271,0.2596,0.4894,BIMODAL
21,120.0,180.0,16.388798577618715,22.0,17.2,15.43,17.19,0.4905,0.3642,0.4554,BIMODAL
21,150.0,210.0,16.203085970268347,18.0,17.42,15.87,17.39,0.4987,0.3716,0.4212,BIMODAL
21,180.0,240.0,16.571913401960778,20.0,16.33,10.77,16.34,0.5142,0.259,0.4819,BIMODAL
21,210.0,270.0,17.392667270216677,23.0,18.93,20.64,18.95,0.3986,0.2245,0.3582,BIMODAL
21,240.0,300.0,18.433815931018803,22.0,17.64,20.02,19.52,0.3181,0.2646,0.259,BIMODAL
21,270.0,330.0,19.324420029713913,21.0,18.88,13.11,18.88,0.547,0.3685,0.4996,BIMODAL
21,300.0,360.0,19.24586988874738,21.0,19.92,11.23,19.92,0.5679,0.2326,0.5431,BIMODAL
21,330.0,390.0,18.797010337609294,20.0,18.63,18.48,18.62,0.5074,0.3023,0.4658,BIMODAL
21,360.0,420.0,18.63365539079753,19.0,18.8,18.81,18.8,0.5574,0.4415,0.536,BIMODAL
21,390.0,450.0,19.465887927584895,20.0,19.87,11.59,19.82,0.5118,0.367,0.453,BIMODAL
21,420.0,480.0,21.037869818015633,21.0,20.62,16.97,20.73,0.4608,0.3528,0.2463,BIMODAL
22,0.0,60.0,18.49827738629102,15.0,18.54,13.9,18.53,0.4845,0.3258,0.4356,BIMODAL
22,30.0,90.0,18.707358328252717,20.0,19.21,19.55,19.29,0.5843,0.4378,0.5482,BIMODAL
22,60.0,120.0,18.87320927758502,18.0,18.6,18.69,18.64,0.5105,0.5231,0.5164,BIMODAL
22,90.0,150.0,18.79314401704322,20.0,18.84,18.83,18.83,0.5284,0.5395,0.5318,BIMODAL
22,120.0,180.0,18.537453680675274,18.0,18.22,18.14,18.19,0.5676,0.4897,0.5433,BIMODAL
22,150.0,210.0,18.669634422974354,20.0,18.65,18.68,18.66,0.4854,0.5929,0.5282,BIMODAL
22,180.0,240.0,19.22533911742314,19.0,19.52,19.47,19.5,0.4363,0.4566,0.4412,BIMODAL
22,210.0,270.0,19.409123278558248,19.0,19.07,19.01,19.05,0.4196,0.4129,0.4089,BIMODAL
22,240.0,300.0,19.030172388097952,19.0,18.91,18.88,18.9,0.439,0.5075,0.4608,BIMODAL
22,270.0,330.0,18.515991143115095,21.0,18.1,18.01,18.07,0.6119,0.5668,0.5997,BIMODAL
22,300.0,360.0,18.99802983394315,19.0,19.43,19.46,19.44,0.441,0.3666,0.4223,BIMODAL
22,330.0,390.0,18.824540144980567,21.0,18.48,18.5,18.49,0.502,0.5249,0.5096,BIMODAL
22,360.0,420.0,18.229917315431635,19.0,18.49,18.51,18.5,0.5984,0.6767,0.6253,BIMODAL
22,390.0,450.0,18.253409496169304,18.0,18.08,18.18,18.09,0.6379,0.4569,0.5855,BIMODAL
22,420.0,480.0,18.40868288458323,16.0,18.6,18.51,18.57,0.5887,0.5336,0.5649,BIMODAL
23,0.0,60.0,18.287557351127766,19.0,16.38,13.33,16.35,0.3692,0.2487,0.3162,BIMODAL
23,30.0,90.0,17.665318666498585,21.0,16.21,12.39,16.06,0.2824,0.2913,0.2652,BIMODAL
23,60.0,120.0,17.9678820682229,20.0,17.83,17.54,17.76,0.2825,0.2408,0.2676,BIMODAL
23,90.0,150.0,17.96409762142439,18.0,12.22,17.75,18.07,0.2211,0.4691,0.3058,BIMODAL
23,120.0,180.0,17.979271762601122,19.0,18.28,14.54,14.8,0.2111,0.4373,0.3398,BIMODAL
23,150.0,210.0,17.981817462142338,19.0,17.71,12.71,17.49,0.3363,0.2658,0.3068,BIMODAL
23,180.0,240.0,18.03014695824744,15.0,17.76,18.03,17.82,0.2743,0.2344,0.2636,BIMODAL
23,210.0,270.0,17.86936868403773,16.0,13.54,15.09,13.81,0.1992,0.343,0.2866,BIMODAL
23,240.0,300.0,17.842859488774195,19.0,18.45,16.99,18.5,0.3139,0.2595,0.3156,BIMODAL
23,270.0,330.0,16.952758520486526,16.0,18.05,13.87,18.0,0.4152,0.1922,0.3627,BIMODAL
23,300.0,360.0,18.036510376825625,16.0,18.12,18.08,18.1,0.3721,0.4968,0.4126,BIMODAL
23,330.0,390.0,17.99704304353127,18.0,18.09,18.12,18.1,0.3053,0.2031,0.3149,BIMODAL
23,360.0,420.0,17.995765702187718,16.0,17.9,17.91,17.9,0.4159,0.5196,0.4537,BIMODAL
23,390.0,450.0,18.10829485581432,18.0,18.02,18.1,18.05,0.5271,0.6654,0.5674,BIMODAL
23,420.0,480.0,17.993261914609818,20.0,17.95,17.92,17.94,0.5549,0.6206,0.5775,BIMODAL
24,0.0,60.0,22.91827689354288,19.0,22.77,22.72,22.75,0.6588,0.7856,0.6972,BIMODAL
24,30.0,90.0,22.51608337653789,19.0,22.39,22.45,22.41,0.7043,0.7598,0.7225,BIMODAL
24,60.0,120.0,22.658631209575795,22.0,22.78,22.76,22.78,0.7603,0.6132,0.7154,BIMODAL
24,90.0,150.0,22.584187965999455,21.0,22.41,22.39,22.4,0.6889,0.5632,0.6545,BIMODAL
24,120.0,180.0,22.710909944688517,22.0,22.88,22.8,22.86,0.7166,0.5897,0.6836,BIMODAL
24,150.0,210.0,22.722583258627964,21.0,22.69,22.76,22.7,0.4999,0.3988,0.4961,BIMODAL
24,180.0,240.0,22.433728926353155,19.0,22.39,22.43,22.41,0.498,0.6467,0.5581,BIMODAL
24,210.0,270.0,22.16126044121985,19.0,22.22,22.16,22.2,0.5954,0.5564,0.5782,BIMODAL
24,240.0,300.0,22.407199320044697,19.0,22.63,22.54,22.6,0.5328,0.5113,0.5258,BIMODAL
24,270.0,330.0,22.9853043399625,22.0,23.25,23.26,23.25,0.6086,0.4782,0.5826,BIMODAL
24,300.0,360.0,22.865860684639184,22.0,22.7,22.73,22.71,0.7298,0.5172,0.6844,BIMODAL
24,330.0,390.0,22.231641406715113,21.0,22.0,21.83,21.98,0.7815,0.5609,0.7377,BIMODAL
24,360.0,420.0,21.94357632991372,21.0,22.06,22.13,22.07,0.6801,0.4075,0.6222,BIMODAL
24,390.0,450.0,21.891723795453963,23.0,21.21,12.13,21.25,0.5041,0.217,0.4941,BIMODAL
24,420.0,480.0,22.297736805306528,23.0,22.79,12.58,22.78,0.7377,0.1411,0.695,BIMODAL
25,0.0,60.0,15.34789939952373,23.0,15.42,15.21,15.4,0.7186,0.4493,0.6513,BIMODAL
25,30.0,90.0,15.401466654536758,20.0,15.57,15.6,15.58,0.667,0.4355,0.5923,BIMODAL
25,60.0,120.0,15.719739589543774,19.0,15.67,15.66,15.67,0.6909,0.6551,0.6786,BIMODAL
25,90.0,150.0,15.657620389929516,22.0,15.78,15.74,15.77,0.7036,0.554,0.6485,BIMODAL
25,120.0,180.0,16.295491881159528,21.0,16.35,16.44,16.38,0.6875,0.5917,0.6576,BIMODAL
25,150.0,210.0,16.310997535447513,19.0,16.29,16.24,16.27,0.6511,0.629,0.643,BIMODAL
25,180.0,240.0,15.841723658056662,24.0,15.77,15.67,15.74,0.5713,0.6137,0.5859,BIMODAL
25,210.0,270.0,16.137133809858902,24.0,16.2,16.26,16.22,0.626,0.6765,0.6399,BIMODAL
25,240.0,300.0,16.33038176803601,21.0,16.12,16.11,16.11,0.6042,0.5387,0.582,BIMODAL
25,270.0,330.0,16.564825921236682,20.0,16.45,16.45,16.45,0.6071,0.5541,0.588,BIMODAL
25,300.0,360.0,17.333526289724006,20.0,17.27,17.26,17.27,0.6156,0.5456,0.5904,BIMODAL
25,330.0,390.0,17.086715425454276,21.0,17.27,17.14,17.25,0.3669,0.3305,0.352,BIMODAL
25,360.0,420.0,16.043957331310555,21.0,15.05,14.85,14.98,0.4174,0.5807,0.4754,BIMODAL
25,390.0,450.0,15.242869794231073,24.0,15.97,15.9,15.95,0.5318,0.5547,0.54,BIMODAL
25,420.0,480.0,15.405688835375347,23.0,15.55,15.71,15.59,0.5497,0.6097,0.5691,BIMODAL
26,0.0,60.0,17.028613231490496,19.0,13.04,12.89,13.0,0.6007,0.3697,0.4845,BIMODAL
26,30.0,90.0,17.902317348130268,19.0,14.48,14.51,14.49,0.3456,0.2108,0.3031,BIMODAL
26,60.0,120.0,18.168879143383208,20.0,14.29,14.76,14.61,0.1623,0.4187,0.328,BIMODAL
26,90.0,150.0,17.478682204375534,21.0,17.65,18.04,17.92,0.3642,0.6576,0.4896,BIMODAL
26,120.0,180.0,17.39787209210281,19.0,16.88,16.73,16.8,0.2595,0.3712,0.2955,BIMODAL
26,150.0,210.0,18.024099901116593,21.0,13.84,18.06,18.05,0.166,0.48,0.3527,BIMODAL
26,180.0,240.0,19.092298830202058,21.0,18.61,17.97,18.43,0.2674,0.2555,0.3358,BIMODAL
26,210.0,270.0,17.16114474405724,22.0,17.04,13.22,13.45,0.2241,0.282,0.2492,BIMODAL
26,240.0,300.0,14.94555615778126,21.0,14.75,15.46,15.02,0.2801,0.3834,0.3259,BIMODAL
26,270.0,330.0,14.752383220403878,18.0,13.33,13.09,13.15,0.1707,0.3161,0.2515,BIMODAL
26,300.0,360.0,14.525249996038383,21.0,15.14,15.71,15.54,0.2833,0.2876,0.2745,BIMODAL
26,330.0,390.0,16.208066437790336,22.0,14.22,15.03,14.56,0.1607,0.2997,0.2676,BIMODAL
26,360.0,420.0,14.89712065281446,18.0,14.86,15.95,15.0,0.3365,0.3396,0.3313,BIMODAL
26,390.0,450.0,14.737449393493169,19.0,13.58,13.55,13.58,0.4915,0.3363,0.4173,BIMODAL
26,420.0,480.0,17.660082398557137,23.0,17.85,17.59,17.69,0.165,0.4737,0.32,BIMODAL
27,0.0,60.0,11.35253557202276,19.0,15.97,11.35,11.36,0.2163,0.4686,0.3608,BIMODAL
27,30.0,90.0,11.030403238037774,15.0,10.85,10.53,10.75,0.3725,0.2453,0.3415,BIMODAL
27,60.0,120.0,11.137170515380856,18.0,11.06,11.14,11.11,0.3,0.3645,0.3305,BIMODAL
27,90.0,150.0,10.709691744636542,18.0,20.59,10.72,10.72,0.3071,0.3326,0.2628,BIMODAL
27,120.0,180.0,10.888051515333524,19.0,13.44,10.9,10.92,0.2014,0.4269,0.3364,BIMODAL
27,150.0,210.0,11.251185800839217,17.0,11.39,11.51,11.46,0.3617,0.4683,0.4167,BIMODAL
27,180.0,240.0,11.154918319928,16.0,18.53,10.85,10.81,0.2882,0.2782,0.2464,BIMODAL
27,210.0,270.0,11.055542070925913,16.0,11.15,10.96,11.05,0.2621,0.3006,0.2767,BIMODAL
27,240.0,300.0,10.519273626319926,16.0,13.46,10.31,13.45,0.2933,0.2318,0.2492,BIMODAL
27,270.0,330.0,9.658170767646075,17.0,10.82,10.08,10.66,0.3049,0.1302,0.2563,BIMODAL
27,300.0,360.0,10.50644438427613,19.0,18.29,10.63,18.32,0.3784,0.303,0.3409,BIMODAL
27,330.0,390.0,10.65100387034349,17.0,11.18,10.56,10.8,0.2457,0.227,0.2336,BIMODAL
27,360.0,420.0,10.55190051590991,18.0,11.89,10.73,10.8,0.3168,0.2738,0.2505,BIMODAL
27,390.0,450.0,10.345669075589957,18.0,10.27,19.45,10.27,0.2009,0.3535,0.1958,BIMODAL
27,420.0,480.0,11.297184528993895,14.0,12.16,10.75,12.14,0.2324,0.2121,0.2328,BIMODAL
28,0.0,60.0,18.224982651894933,17.0,16.1,17.29,17.29,0.1854,0.6539,0.4893,BIMODAL
28,30.0,90.0,18.575707482312943,20.0,16.59,17.28,17.02,0.3587,0.6691,0.514,BIMODAL
28,60.0,120.0,17.762145002481866,20.0,13.63,16.88,16.9,0.2212,0.2233,0.195,BIMODAL
28,90.0,150.0,17.961663169827318,19.0,19.07,15.96,16.2,0.2397,0.4099,0.3611,BIMODAL
28,120.0,180.0,18.709726528187886,18.0,18.16,18.84,18.42,0.529,0.4037,0.4773,BIMODAL
28,150.0,210.0,18.181867079515815,18.0,18.02,17.97,17.98,0.4147,0.6578,0.4929,BIMODAL
28,180.0,240.0,19.052995649178325,19.0,18.05,18.07,18.07,0.3293,0.612,0.477,BIMODAL
28,210.0,270.0,19.075903986243873,21.0,13.78,18.51,18.51,0.2463,0.3974,0.3196,BIMODAL
28,240.0,300.0,18.082544756889213,22.0,17.52,17.51,17.51,0.3092,0.2864,0.3017,BIMODAL
28,270.0,330.0,17.883461827072253,21.0,22.94,18.98,22.94,0.382,0.4175,0.353,BIMODAL
28,300.0,360.0,17.222772989753658,22.0,16.66,17.12,16.8,0.4362,0.5333,0.478,BIMODAL
28,330.0,390.0,18.15860162654792,22.0,18.06,17.68,17.89,0.4463,0.6147,0.5008,BIMODAL
28,360.0,420.0,17.99450664365667,21.0,18.23,18.26,18.24,0.4978,0.5473,0.5182,BIMODAL
28,390.0,450.0,17.37370837491391,21.0,17.38,17.41,17.39,0.5771,0.6342,0.5974,BIMODAL
28,420.0,480.0,17.594059731581282,24.0,17.82,17.51,17.66,0.4357,0.631,0.5063,BIMODAL
29,0.0,60.0,19.614635469456445,19.0,20.31,12.08,20.31,0.7576,0.2485,0.7366,BIMODAL
29,30.0,90.0,19.59576366848863,21.0,19.52,19.33,19.48,0.6763,0.4932,0.6175,BIMODAL
29,60.0,120.0,19.014896208509555,20.0,19.42,13.76,19.43,0.5459,0.467,0.4799,BIMODAL
29,90.0,150.0,18.677365799667957,16.0,17.41,17.75,17.45,0.6439,0.3557,0.5923,BIMODAL
29,120.0,180.0,19.89987798474037,18.0,20.19,20.15,20.16,0.4964,0.2885,0.4392,BIMODAL
29,150.0,210.0,20.019682670912626,21.0,18.5,18.51,18.5,0.4463,0.4689,0.4524,BIMODAL
29,180.0,240.0,18.469134978942236,20.0,18.26,18.1,18.22,0.6744,0.4721,0.6159,BIMODAL
29,210.0,270.0,19.065109882630907,18.0,19.09,19.37,19.17,0.6842,0.5574,0.6395,BIMODAL
29,240.0,300.0,18.907564508749736,19.0,18.8,18.58,18.76,0.7465,0.4992,0.6835,BIMODAL
29,270.0,330.0,18.92957000076576,19.0,19.26,16.98,19.25,0.7095,0.3761,0.6211,BIMODAL
29,300.0,360.0,18.724311332779166,19.0,17.99,18.23,18.01,0.7276,0.3206,0.6609,BIMODAL
29,330.0,390.0,18.949013853597222,19.0,19.05,12.98,19.04,0.3045,0.5025,0.2462,BIMODAL
29,360.0,420.0,18.313800379617266,21.0,17.7,11.92,17.69,0.6488,0.3443,0.5746,BIMODAL
29,390.0,450.0,18.176654894928074,24.0,18.69,18.95,18.72,0.6422,0.2852,0.5691,BIMODAL
29,420.0,480.0,16.9542264032374,21.0,17.44,16.68,17.37,0.5149,0.4773,0.4914,BIMODAL
30,0.0,60.0,18.530637967810744,18.0,18.1,18.1,18.1,0.6597,0.2843,0.6077,BIMODAL
30,30.0,90.0,18.16756947687523,17.0,19.27,12.49,19.27,0.3801,0.2035,0.3627,BIMODAL
30,60.0,120.0,17.073351240021417,18.0,18.66,12.66,18.66,0.6999,0.3772,0.6322,BIMODAL
30,90.0,150.0,17.793608947960543,18.0,18.75,11.85,16.58,0.3425,0.3963,0.3918,BIMODAL
30,120.0,180.0,19.01678707466864,18.0,19.8,19.32,19.75,0.7483,0.4187,0.6868,BIMODAL
30,150.0,210.0,18.383694324942716,20.0,18.1,18.24,18.14,0.3021,0.2764,0.3006,BIMODAL
30,180.0,240.0,18.262572103657664,19.0,17.79,15.07,17.8,0.6132,0.3219,0.5501,BIMODAL
30,210.0,270.0,18.50203202989875,19.0,18.44,18.28,18.44,0.6746,0.2565,0.6229,BIMODAL
30,240.0,300.0,18.8179716379831,20.0,19.03,18.71,19.01,0.7022,0.255,0.6447,BIMODAL
30,270.0,330.0,19.33823583727923,19.0,19.5,10.78,19.5,0.6952,0.1851,0.6813,BIMODAL
30,300.0,360.0,19.754627595725765,20.0,19.85,19.32,19.84,0.7268,0.2813,0.676,BIMODAL
30,330.0,390.0,18.667071089281883,18.0,19.55,14.9,19.55,0.6777,0.3044,0.635,BIMODAL
30,360.0,420.0,18.595050142223386,17.0,19.0,18.74,18.98,0.5504,0.2691,0.4994,BIMODAL
30,390.0,450.0,19.791752568370516,19.0,20.02,13.63,20.02,0.8392,0.2319,0.7808,BIMODAL
30,420.0,480.0,20.56842434155091,20.0,20.39,12.58,20.38,0.7369,0.328,0.6587,BIMODAL
31,0.0,60.0,17.86958218268662,21.0,18.95,20.18,19.68,0.3608,0.266,0.3323,BIMODAL
31,30.0,90.0,19.386802713580103,18.0,18.99,19.05,19.01,0.6584,0.5435,0.6225,BIMODAL
31,60.0,120.0,19.055692634327237,19.0,19.0,18.92,18.97,0.5861,0.7404,0.6455,BIMODAL
31,90.0,150.0,18.113381536923622,17.0,17.9,17.81,17.86,0.6372,0.6984,0.6551,BIMODAL
31,120.0,180.0,17.125759664839897,18.0,18.64,16.92,18.63,0.4149,0.3207,0.3694,BIMODAL
31,150.0,210.0,18.25868201655198,19.0,17.62,17.5,17.59,0.657,0.662,0.6578,BIMODAL
31,180.0,240.0,18.6294568559341,18.0,18.88,18.93,18.89,0.7069,0.5696,0.6669,BIMODAL
31,210.0,270.0,18.37045585840491,18.0,18.42,18.34,18.4,0.6897,0.6,0.6632,BIMODAL
31,240.0,300.0,18.19239973028503,18.0,18.23,18.13,18.2,0.7075,0.594,0.6761,BIMODAL
31,270.0,330.0,18.18960214262146,17.0,18.53,18.63,18.56,0.744,0.7251,0.7357,BIMODAL
31,300.0,360.0,17.46097483705116,17.0,17.56,17.62,17.57,0.5843,0.4535,0.5463,BIMODAL
31,330.0,390.0,17.388346133106523,17.0,16.69,16.83,16.71,0.7234,0.4905,0.6701,BIMODAL
31,360.0,420.0,17.477428329381475,16.0,17.9,17.71,17.86,0.7477,0.6116,0.7085,BIMODAL
31,390.0,450.0,17.431734936846993,17.0,17.53,17.68,17.56,0.6432,0.5299,0.6168,BIMODAL
31,420.0,480.0,18.056935705352867,19.0,18.04,17.9,18.0,0.7546,0.6346,0.715,BIMODAL
32,0.0,60.0,25.28271038325883,19.0,25.24,25.47,25.38,0.5476,0.5307,0.5376,BIMODAL
32,30.0,90.0,24.593672458139075,19.0,24.53,24.53,24.53,0.5524,0.5211,0.5382,BIMODAL
32,60.0,120.0,24.898014208730046,18.0,24.9,24.84,24.87,0.521,0.5983,0.5533,BIMODAL
32,90.0,150.0,24.880806338286106,17.0,24.96,24.71,24.79,0.3985,0.592,0.5017,BIMODAL
32,120.0,180.0,24.68458770442136,18.0,24.58,24.67,24.63,0.5547,0.5896,0.5729,BIMODAL
32,150.0,210.0,24.75082189555703,20.0,24.92,24.96,24.94,0.5423,0.5831,0.5609,BIMODAL
32,180.0,240.0,25.017390573159023,20.0,25.31,25.06,25.16,0.4529,0.5284,0.4897,BIMODAL
32,210.0,270.0,24.841322027320658,21.0,24.53,24.53,24.53,0.5316,0.5658,0.5424,BIMODAL
32,240.0,300.0,24.251478578401656,23.0,23.89,24.21,24.05,0.407,0.5138,0.455,BIMODAL
32,270.0,330.0,24.922132832312947,21.0,25.11,24.96,25.05,0.4751,0.6574,0.5438,BIMODAL
32,300.0,360.0,24.64910213660057,18.0,25.03,25.04,25.03,0.3692,0.4502,0.4059,BIMODAL
32,330.0,390.0,24.471573979139787,18.0,24.56,24.58,24.56,0.4693,0.5506,0.4941,BIMODAL
32,360.0,420.0,24.19185487757618,18.0,24.24,15.43,24.24,0.4232,0.2045,0.4032,BIMODAL
32,390.0,450.0,23.898587324878207,21.0,24.01,23.97,23.99,0.5103,0.6078,0.5408,BIMODAL
32,420.0,480.0,24.033443541402484,21.0,24.06,24.28,24.1,0.5005,0.3905,0.4745,BIMODAL
33,0.0,60.0,13.874430631651261,20.0,20.6,13.47,20.63,0.3447,0.2921,0.3169,BIMODAL
33,30.0,90.0,12.881065890125122,19.0,21.94,12.56,21.91,0.2764,0.385,0.2593,BIMODAL
33,60.0,120.0,13.718642604737475,21.0,26.42,26.35,26.4,0.5457,0.505,0.5376,BIMODAL
33,90.0,150.0,12.72994628334784,23.0,26.94,26.97,26.95,0.5834,0.5174,0.5694,BIMODAL
33,120.0,180.0,12.250501830774446,24.0,24.76,24.85,24.78,0.6554,0.5413,0.6179,BIMODAL
33,150.0,210.0,13.299978020084598,20.0,26.36,26.4,26.37,0.5613,0.4377,0.5349,BIMODAL
33,180.0,240.0,12.418085186950655,18.0,26.29,13.22,26.28,0.4363,0.4565,0.4172,BIMODAL
33,210.0,270.0,12.778671225031797,19.0,25.5,25.45,25.49,0.3807,0.291,0.359,BIMODAL
33,240.0,300.0,14.442305160610845,21.0,25.25,25.18,25.23,0.4882,0.5134,0.4959,BIMODAL
33,270.0,330.0,13.628739166899642,20.0,27.18,27.28,27.21,0.5648,0.5773,0.568,BIMODAL
33,300.0,360.0,14.012654548329758,20.0,27.89,27.85,27.88,0.7327,0.6165,0.7013,BIMODAL
33,330.0,390.0,14.57945758967502,21.0,28.59,14.41,28.56,0.5786,0.2279,0.5876,BIMODAL
33,360.0,420.0,13.588856773231079,20.0,26.26,26.22,26.25,0.5894,0.4695,0.5619,BIMODAL
33,390.0,450.0,13.247128527529938,18.0,27.39,13.84,27.39,0.5692,0.3676,0.5464,BIMODAL
33,420.0,480.0,12.621561897947327,19.0,27.64,13.01,27.64,0.639,0.33,0.6066,BIMODAL
34,0.0,60.0,17.496537236679792,21.0,19.39,18.88,19.3,0.4224,0.3654,0.3946,BIMODAL
34,30.0,90.0,18.14563220890264,19.0,16.01,18.24,15.93,0.4354,0.4043,0.4117,BIMODAL
34,60.0,120.0,17.37884356835233,19.0,18.8,18.59,18.74,0.4121,0.4427,0.4317,BIMODAL
34,90.0,150.0,18.137546063596123,19.0,21.02,12.33,21.03,0.263,0.188,0.2349,BIMODAL
34,120.0,180.0,19.14906099885848,17.0,17.61,17.7,17.66,0.4745,0.4786,0.4747,BIMODAL
34,150.0,210.0,18.278260468180115,20.0,18.94,19.07,18.97,0.573,0.5721,0.5737,BIMODAL
34,180.0,240.0,17.839653350511227,21.0,17.34,17.3,17.33,0.6241,0.6177,0.6232,BIMODAL
34,210.0,270.0,17.08086230555412,18.0,16.51,12.82,16.53,0.6288,0.4074,0.5873,BIMODAL
34,240.0,300.0,17.08185364900005,18.0,18.34,18.25,18.32,0.5691,0.3857,0.5121,BIMODAL
34,270.0,330.0,16.86107723259426,20.0,16.27,16.13,16.24,0.5876,0.4577,0.5367,BIMODAL
34,300.0,360.0,16.758620052090862,21.0,16.75,16.56,16.68,0.613,0.5696,0.5897,BIMODAL
34,330.0,390.0,17.036998962928468,20.0,17.57,17.75,17.61,0.6631,0.4702,0.6143,BIMODAL
34,360.0,420.0,16.787952459891258,21.0,16.42,16.27,16.4,0.5707,0.448,0.525,BIMODAL
34,390.0,450.0,16.201038210310376,19.0,15.53,17.54,15.53,0.6341,0.3137,0.5649,BIMODAL
34,420.0,480.0,16.284289604416884,20.0,16.77,16.72,16.76,0.708,0.4762,0.6477,BIMODAL
35,0.0,60.0,19.49346959108462,18.0,16.41,13.32,16.38,0.4223,0.3312,0.3749,BIMODAL
35,30.0,90.0,18.42048490314133,17.0,15.1,14.5,14.98,0.4197,0.3813,0.4105,BIMODAL
35,60.0,120.0,16.13715373153307,17.0,16.31,16.54,16.34,0.6221,0.3924,0.5486,BIMODAL
35,90.0,150.0,16.50289600769195,22.0,16.48,16.26,16.44,0.7279,0.5042,0.6603,BIMODAL
35,120.0,180.0,17.331045666454294,21.0,17.5,17.57,17.51,0.674,0.4454,0.6015,BIMODAL
35,150.0,210.0,17.234465590115008,18.0,14.81,15.24,14.89,0.4832,0.379,0.4641,BIMODAL
35,180.0,240.0,17.33854792479489,19.0,16.63,16.97,16.71,0.5992,0.3057,0.5354,BIMODAL
35,210.0,270.0,18.232325324516,19.0,17.94,17.73,17.86,0.5321,0.5267,0.5265,BIMODAL
35,240.0,300.0,18.000864680148066,20.0,18.29,16.54,18.3,0.3206,0.3017,0.3152,BIMODAL
35,270.0,330.0,17.51699056030973,20.0,16.59,18.84,16.55,0.4501,0.2429,0.4053,BIMODAL
35,300.0,360.0,17.879681675679464,22.0,17.49,17.08,17.46,0.489,0.3257,0.4516,BIMODAL
35,330.0,390.0,17.337120992466637,20.0,17.23,12.79,17.22,0.5084,0.3379,0.4583,BIMODAL
35,360.0,420.0,17.71746514477723,19.0,17.21,17.21,17.21,0.421,0.1974,0.3845,BIMODAL
35,390.0,450.0,18.532464902602626,19.0,17.71,15.71,17.72,0.5362,0.2384,0.4716,BIMODAL
35,420.0,480.0,18.122381650067894,20.0,18.51,18.62,18.55,0.4173,0.3459,0.3933,BIMODAL
36,0.0,60.0,18.95380093044581,18.0,18.37,18.52,18.4,0.6704,0.4806,0.6356,BIMODAL
36,30.0,90.0,18.739446247689273,17.0,18.29,18.2,18.28,0.5921,0.4364,0.562,BIMODAL
36,60.0,120.0,19.14624504116206,20.0,18.95,12.4,18.9,0.5105,0.3525,0.5187,BIMODAL
36,90.0,150.0,19.452475416256817,21.0,18.99,12.25,18.97,0.4884,0.2353,0.4491,BIMODAL
36,120.0,180.0,18.889275479715884,19.0,18.92,18.98,18.94,0.6526,0.4735,0.5943,BIMODAL
36,150.0,210.0,18.979469035392206,20.0,18.81,19.15,18.85,0.6679,0.2747,0.5935,BIMODAL
36,180.0,240.0,18.768270122538652,20.0,18.95,18.77,18.91,0.5929,0.5065,0.5708,BIMODAL
36,210.0,270.0,18.75662356163749,19.0,18.48,18.75,18.52,0.6341,0.6031,0.6267,BIMODAL
36,240.0,300.0,18.6895824526758,20.0,17.08,19.06,17.03,0.3226,0.2828,0.3133,BIMODAL
36,270.0,330.0,18.101811398111508,21.0,17.45,17.39,17.43,0.6534,0.4864,0.5922,BIMODAL
36,300.0,360.0,17.947636557664868,20.0,17.93,17.99,17.95,0.6426,0.6303,0.6401,BIMODAL
36,330.0,390.0,17.974227542730013,21.0,17.58,17.79,17.63,0.428,0.3196,0.384,BIMODAL
36,360.0,420.0,17.902287347902863,21.0,18.03,17.97,18.02,0.5837,0.445,0.5449,BIMODAL
36,390.0,450.0,18.226013696387938,16.0,18.4,14.93,18.37,0.5034,0.4039,0.449,BIMODAL
36,420.0,480.0,18.02890707548824,20.0,17.68,18.03,17.78,0.669,0.4095,0.6409,BIMODAL
37,0.0,60.0,16.52665204307445,17.0,18.08,11.37,17.96,0.3155,0.2371,0.2863,BIMODAL
37,30.0,90.0,17.883461827072253,20.0,21.23,13.42,21.22,0.4248,0.4065,0.3978,BIMODAL
37,60.0,120.0,19.700014536488784,21.0,18.93,19.16,18.97,0.4677,0.3667,0.4407,BIMODAL
37,90.0,150.0,18.658007893956608,20.0,18.55,18.39,18.44,0.2788,0.5025,0.4092,BIMODAL
37,120.0,180.0,17.939901330542682,21.0,17.53,17.77,17.7,0.3178,0.4786,0.4068,BIMODAL
37,150.0,210.0,18.416871682831772,22.0,11.59,18.7,18.72,0.3102,0.6509,0.6077,BIMODAL
37,180.0,240.0,18.907759225349558,23.0,18.52,18.82,18.66,0.5406,0.6771,0.5996,BIMODAL
37,210.0,270.0,19.44374027260293,23.0,19.86,19.69,19.82,0.5354,0.6625,0.5758,BIMODAL
37,240.0,300.0,20.161296779797386,23.0,20.24,20.26,20.25,0.55,0.4472,0.5215,BIMODAL
37,270.0,330.0,17.74825635364002,20.0,18.73,13.17,18.6,0.3598,0.4342,0.3312,BIMODAL
37,300.0,360.0,17.870928712371544,20.0,20.64,19.01,20.61,0.3859,0.3809,0.3585,BIMODAL
37,330.0,390.0,19.912201513575383,22.0,19.65,19.65,19.65,0.4468,0.3779,0.4324,BIMODAL
37,360.0,420.0,19.15165888366063,19.0,19.49,19.6,19.52,0.4265,0.3171,0.3901,BIMODAL
37,390.0,450.0,18.406292761101447,18.0,17.53,17.37,17.47,0.4455,0.5251,0.4779,BIMODAL
37,420.0,480.0,18.68512432880102,19.0,17.75,18.82,17.83,0.5017,0.4724,0.5078,BIMODAL
38,0.0,60.0,14.754452710817288,19.0,14.49,12.03,14.48,0.5195,0.2279,0.4799,BIMODAL
38,30.0,90.0,15.837312361606987,20.0,16.01,23.86,16.01,0.5516,0.2054,0.5119,BIMODAL
38,60.0,120.0,16.23149026204259,18.0,16.04,22.98,16.04,0.5049,0.1741,0.4761,BIMODAL
38,90.0,150.0,15.92024490119603,20.0,16.13,16.0,16.12,0.5777,0.3581,0.5222,BIMODAL
38,120.0,180.0,15.820559696245253,19.0,15.92,13.78,15.92,0.6501,0.224,0.5807,BIMODAL
38,150.0,210.0,15.534348147684351,19.0,16.54,13.38,16.61,0.2445,0.2679,0.2117,BIMODAL
38,180.0,240.0,18.42567310564408,22.0,26.28,25.98,26.12,0.2358,0.3631,0.2879,BIMODAL
38,210.0,270.0,18.69987813372699,22.0,16.01,17.47,17.33,0.3469,0.4338,0.3841,BIMODAL
38,240.0,300.0,16.43150615683526,23.0,15.93,29.62,15.97,0.4252,0.2621,0.3841,BIMODAL
38,270.0,330.0,15.56665495998434,25.0,15.87,15.56,15.82,0.4719,0.4405,0.4603,BIMODAL
38,300.0,360.0,15.893211112956132,23.0,14.36,13.19,14.34,0.2929,0.1905,0.2646,BIMODAL
38,330.0,390.0,15.19655529036957,22.0,14.34,14.86,14.47,0.4596,0.6686,0.5601,BIMODAL
38,360.0,420.0,14.428479307674323,22.0,14.4,13.27,14.4,0.3628,0.3343,0.3485,BIMODAL
38,390.0,450.0,14.09243351462706,22.0,16.77,17.6,17.15,0.4697,0.4925,0.4941,BIMODAL
38,420.0,480.0,13.87368459531551,22.0,14.67,14.79,14.72,0.5247,0.6365,0.5793,BIMODAL
39,0.0,60.0,14.422091904902231,17.0,14.61,39.21,14.65,0.458,0.5113,0.4376,BIMODAL
39,30.0,90.0,14.470261300820223,18.0,14.59,14.53,14.55,0.5403,0.6407,0.5845,BIMODAL
39,60.0,120.0,14.831194551355583,18.0,14.74,14.66,14.69,0.5123,0.7384,0.619,BIMODAL
39,90.0,150.0,14.501764316708872,18.0,14.69,14.62,14.66,0.5815,0.7179,0.6439,BIMODAL
39,120.0,180.0,14.594485349903088,21.0,14.24,14.41,14.33,0.4301,0.6219,0.5251,BIMODAL
39,150.0,210.0,14.564194569256337,18.0,14.63,14.6,14.62,0.7287,0.6817,0.7108,BIMODAL
39,180.0,240.0,14.634146625728546,16.0,14.44,14.36,14.41,0.6514,0.717,0.681,BIMODAL
39,210.0,270.0,14.46083150904995,20.0,14.78,14.99,14.85,0.445,0.4892,0.4617,BIMODAL
39,240.0,300.0,14.265858957614217,20.0,14.35,14.37,14.35,0.4471,0.2148,0.3868,BIMODAL
39,270.0,330.0,14.715158417635678,21.0,14.34,14.3,14.33,0.5115,0.5194,0.5137,BIMODAL
39,300.0,360.0,15.371118468718532,23.0,15.36,15.15,15.31,0.4816,0.3747,0.4431,BIMODAL
39,330.0,390.0,14.732656583922402,21.0,15.77,14.93,15.73,0.5613,0.2413,0.5195,BIMODAL
39,360.0,420.0,12.579517602005827,19.0,11.69,12.05,11.73,0.5226,0.2003,0.4069,BIMODAL
39,390.0,450.0,12.203241074143616,22.0,12.82,12.75,12.8,0.4587,0.487,0.4682,BIMODAL
39,420.0,480.0,13.354108225265868,22.0,13.16,13.08,13.14,0.5303,0.4087,0.4957,BIMODAL
40,0.0,60.0,16.184830154981334,20.0,16.95,21.38,16.91,0.3712,0.2327,0.3389,BIMODAL
40,30.0,90.0,16.006310853662622,19.0,14.91,13.74,14.88,0.484,0.4168,0.4759,BIMODAL
40,60.0,120.0,15.325759239007876,19.0,14.44,16.24,15.52,0.362,0.4157,0.3358,BIMODAL
40,90.0,150.0,16.337622368065777,21.0,16.18,16.55,16.27,0.589,0.4349,0.5472,BIMODAL
40,120.0,180.0,16.772426062113116,18.0,19.76,15.06,14.61,0.2618,0.4868,0.3754,BIMODAL
40,150.0,210.0,16.49364100587725,15.0,16.6,16.56,16.59,0.5392,0.3765,0.4768,BIMODAL
40,180.0,240.0,16.73998166709842,18.0,16.53,16.68,16.56,0.5143,0.2819,0.4419,BIMODAL
40,210.0,270.0,15.057344408409634,18.0,15.85,14.1,16.01,0.3435,0.2754,0.3186,BIMODAL
40,240.0,300.0,14.597009725675107,21.0,15.84,13.05,13.05,0.3009,0.4984,0.3489,BIMODAL
40,270.0,330.0,14.767075953864753,23.0,20.05,15.43,15.36,0.2082,0.2565,0.1998,BIMODAL
40,300.0,360.0,15.598799589955286,18.0,14.82,15.71,15.06,0.3076,0.2857,0.2936,BIMODAL
40,330.0,390.0,17.194838399573772,17.0,18.35,17.22,17.55,0.3279,0.618,0.4463,BIMODAL
40,360.0,420.0,18.552971196750672,16.0,16.01,12.87,16.0,0.3759,0.2762,0.3238,BIMODAL
40,390.0,450.0,16.832600534152398,18.0,15.44,12.49,15.46,0.3864,0.3042,0.3453,BIMODAL
40,420.0,480.0,16.19987451599828,19.0,15.4,11.04,15.43,0.4248,0.3188,0.3822,BIMODAL
41,0.0,60.0,14.007713348713878,20.0,14.35,15.06,14.55,0.4731,0.4382,0.4667,BIMODAL
41,30.0,90.0,12.95989692547671,21.0,12.94,12.45,12.78,0.4281,0.5038,0.4475,BIMODAL
41,60.0,120.0,12.969235777884403,22.0,13.66,13.26,13.57,0.5046,0.5898,0.548,BIMODAL
41,90.0,150.0,13.737314935026262,21.0,13.72,16.08,13.75,0.2643,0.3844,0.2731,BIMODAL
41,120.0,180.0,13.789829199640963,19.0,13.84,14.21,14.09,0.1986,0.4384,0.3419,BIMODAL
41,150.0,210.0,14.076385744979405,23.0,13.97,13.85,13.88,0.2506,0.4936,0.3618,BIMODAL
41,180.0,240.0,13.736309813327074,24.0,12.12,14.09,14.07,0.3405,0.5124,0.421,BIMODAL
41,210.0,270.0,14.252326962854072,22.0,14.06,14.1,14.07,0.3779,0.6947,0.5452,BIMODAL
41,240.0,300.0,13.62253833743787,18.0,14.3,14.54,14.5,0.3425,0.5653,0.4999,BIMODAL
41,270.0,330.0,13.02938241269612,17.0,15.84,14.23,14.37,0.4455,0.614,0.5068,BIMODAL
41,300.0,360.0,13.787759438659801,20.0,14.65,15.7,14.92,0.2973,0.3276,0.3136,BIMODAL
41,330.0,390.0,14.139727742762638,23.0,12.66,13.36,13.17,0.2402,0.2777,0.258,BIMODAL
41,360.0,420.0,14.601273668279294,23.0,26.74,21.47,21.43,0.3959,0.1764,0.206,BIMODAL
41,390.0,450.0,13.68685426381711,20.0,13.18,14.69,14.22,0.2892,0.3177,0.2908,BIMODAL
41,420.0,480.0,12.497422943404715,18.0,14.84,11.89,11.98,0.2519,0.4995,0.3177,BIMODAL
42,0.0,60.0,17.068532974096883,18.0,17.27,17.13,17.17,0.5077,0.788,0.6542,BIMODAL
42,30.0,90.0,17.554155646547144,18.0,17.42,17.44,17.43,0.5004,0.8569,0.7058,BIMODAL
42,60.0,120.0,17.66172905098427,17.0,17.71,17.63,17.65,0.421,0.8391,0.6684,BIMODAL
42,90.0,150.0,17.070934860442065,20.0,17.11,17.02,17.06,0.4226,0.6839,0.5459,BIMODAL
42,120.0,180.0,17.17352634861337,21.0,16.44,16.88,16.78,0.532,0.7334,0.6184,BIMODAL
42,150.0,210.0,17.700985568950276,19.0,17.69,17.79,17.76,0.4388,0.7883,0.6258,BIMODAL
42,180.0,240.0,17.260025648195366,22.0,17.42,17.48,17.47,0.457,0.7929,0.6673,BIMODAL
42,210.0,270.0,17.178448185233613,22.0,17.11,17.08,17.09,0.4379,0.8424,0.6972,BIMODAL
42,240.0,300.0,17.063633218144204,18.0,12.07,16.93,16.96,0.3214,0.797,0.6785,BIMODAL
42,270.0,330.0,17.131858567574106,20.0,17.11,17.2,17.19,0.3804,0.7231,0.5755,BIMODAL
42,300.0,360.0,17.371756294773814,22.0,17.15,17.2,17.19,0.4803,0.8198,0.7178,BIMODAL
42,330.0,390.0,17.59715347093382,21.0,17.92,17.93,17.93,0.2442,0.7926,0.6858,BIMODAL
42,360.0,420.0,17.45454582383171,20.0,17.69,17.52,17.55,0.522,0.78,0.6985,BIMODAL
42,390.0,450.0,17.043133012442954,19.0,17.06,17.11,17.09,0.4979,0.7252,0.6273,BIMODAL
42,420.0,480.0,17.26625711270418,21.0,17.97,17.75,17.78,0.2303,0.589,0.5289,BIMODAL
43,0.0,60.0,16.82911643657473,23.0,16.6,16.4,16.51,0.5095,0.5448,0.5228,BIMODAL
43,30.0,90.0,16.95274498674388,23.0,18.72,12.27,18.61,0.5073,0.4539,0.4503,BIMODAL
43,60.0,120.0,16.292185656815853,22.0,16.0,12.22,15.97,0.533,0.4364,0.4665,BIMODAL
43,90.0,150.0,16.89903668430794,22.0,15.39,14.72,15.34,0.3047,0.3256,0.3225,BIMODAL
43,120.0,180.0,17.15267127846979,22.0,16.75,17.05,16.94,0.4586,0.4449,0.4752,BIMODAL
43,150.0,210.0,17.178407323220107,19.0,17.67,17.18,17.54,0.4695,0.5274,0.5084,BIMODAL
43,180.0,240.0,17.60573081691694,19.0,17.17,13.18,17.17,0.4995,0.4256,0.4978,BIMODAL
43,210.0,270.0,17.127680545170605,20.0,17.09,14.79,17.28,0.3411,0.3824,0.3425,BIMODAL
43,240.0,300.0,16.784390598910107,21.0,16.81,10.99,16.84,0.4552,0.3494,0.4442,BIMODAL
43,270.0,330.0,16.950394328016657,19.0,16.54,16.72,16.62,0.461,0.4751,0.4697,BIMODAL
43,300.0,360.0,17.488522400931977,18.0,16.67,10.16,16.8,0.4954,0.2198,0.4651,BIMODAL
43,330.0,390.0,18.50378857048331,20.0,17.07,13.46,17.76,0.359,0.3452,0.3338,BIMODAL
43,360.0,420.0,19.123201993721466,22.0,20.19,13.12,20.16,0.5243,0.4546,0.4877,BIMODAL
43,390.0,450.0,18.634837160781395,22.0,15.46,18.54,15.44,0.2746,0.4211,0.2281,BIMODAL
43,420.0,480.0,18.04162493110817,20.0,15.31,16.79,15.36,0.5947,0.3953,0.5462,BIMODAL
44,0.0,60.0,17.03456674580289,19.0,17.0,17.31,17.19,0.4954,0.6896,0.6018,BIMODAL
44,30.0,90.0,17.039414013523782,24.0,16.91,16.8,16.84,0.5429,0.6954,0.632,BIMODAL
44,60.0,120.0,16.733651951239462,23.0,17.14,17.38,17.3,0.5295,0.6634,0.6079,BIMODAL
44,90.0,150.0,16.92192006450918,18.0,16.99,16.67,16.92,0.5615,0.3985,0.5017,BIMODAL
44,120.0,180.0,16.839874440610608,17.0,16.49,16.58,16.55,0.5865,0.7832,0.6988,BIMODAL
44,150.0,210.0,16.684046606771112,20.0,16.79,16.76,16.76,0.5557,0.7884,0.6866,BIMODAL
44,180.0,240.0,16.55855316796154,20.0,16.58,16.46,16.5,0.5946,0.846,0.7265,BIMODAL
44,210.0,270.0,16.22675011001433,19.0,16.11,16.13,16.12,0.5101,0.7494,0.6404,BIMODAL
44,240.0,300.0,16.591881959451083,21.0,16.92,16.74,16.85,0.526,0.516,0.519,BIMODAL
44,270.0,330.0,16.717751596717427,20.0,16.93,16.2,16.81,0.4801,0.3005,0.4436,BIMODAL
44,300.0,360.0,16.457381905975776,19.0,16.3,16.72,16.46,0.5766,0.5221,0.5596,BIMODAL
44,330.0,390.0,16.314410271710834,19.0,16.39,16.4,16.39,0.6426,0.6537,0.648,BIMODAL
44,360.0,420.0,16.356715080767643,17.0,16.24,16.28,16.26,0.6043,0.735,0.6681,BIMODAL
44,390.0,450.0,16.142958858348607,17.0,16.34,16.33,16.34,0.6817,0.6978,0.6908,BIMODAL
44,420.0,480.0,15.799547718916553,20.0,15.45,15.41,15.42,0.585,0.6963,0.6452,BIMODAL
45,0.0,60.0,15.68002585044208,16.0,15.49,15.26,15.45,0.6087,0.4386,0.5601,BIMODAL
45,30.0,90.0,15.48030364628725,17.0,15.41,15.52,15.43,0.6684,0.5406,0.6336,BIMODAL
45,60.0,120.0,15.777296659288808,18.0,15.83,15.75,15.81,0.6911,0.4108,0.6166,BIMODAL
45,90.0,150.0,15.55266386195768,17.0,15.45,13.48,15.46,0.3946,0.4049,0.374,BIMODAL
45,120.0,180.0,15.682837012547648,17.0,15.98,15.79,15.91,0.6618,0.5608,0.6207,BIMODAL
45,150.0,210.0,16.25732354836666,18.0,16.64,16.49,16.59,0.6926,0.543,0.6342,BIMODAL
45,180.0,240.0,16.055399685787407,18.0,15.9,15.97,15.92,0.6528,0.4867,0.5899,BIMODAL
45,210.0,270.0,15.799452986792234,19.0,15.77,15.9,15.81,0.7383,0.6236,0.7031,BIMODAL
45,240.0,300.0,16.107094362736056,18.0,16.23,16.2,16.22,0.551,0.5298,0.5395,BIMODAL
45,270.0,330.0,16.811160453261124,18.0,16.69,16.73,16.69,0.6543,0.4284,0.5918,BIMODAL
45,300.0,360.0,16.556362301313797,16.0,16.69,16.54,16.65,0.6823,0.5056,0.6269,BIMODAL
45,330.0,390.0,16.273068623972307,16.0,16.27,16.28,16.27,0.5436,0.4892,0.5281,BIMODAL
45,360.0,420.0,16.224523317858086,16.0,16.37,16.17,16.33,0.6858,0.5257,0.6275,BIMODAL
45,390.0,450.0,16.032575874832368,18.0,15.88,15.91,15.89,0.6732,0.532,0.6187,BIMODAL
45,420.0,480.0,16.176600482853324,19.0,16.19,16.29,16.22,0.764,0.5446,0.6855,BIMODAL
46,0.0,60.0,12.99233198577275,22.0,12.99,12.72,12.89,0.3398,0.3444,0.3372,BIMODAL
46,30.0,90.0,12.513415362186333,18.0,13.53,15.35,15.27,0.2135,0.426,0.3279,BIMODAL
46,60.0,120.0,12.475935622978593,16.0,23.54,15.15,23.55,0.3227,0.266,0.1964,BIMODAL
46,90.0,150.0,13.52312603438904,19.0,26.43,15.15,15.06,0.2815,0.5366,0.2603,BIMODAL
46,120.0,180.0,12.804107870387607,22.0,14.8,21.64,14.71,0.3205,0.2789,0.2767,BIMODAL
46,150.0,210.0,11.382047552041929,19.0,17.75,16.4,17.62,0.3835,0.2618,0.3562,BIMODAL
46,180.0,240.0,11.167227397779024,17.0,15.5,26.47,15.45,0.2954,0.3596,0.2693,BIMODAL
46,210.0,270.0,14.543508412229388,17.0,19.3,16.54,19.19,0.3832,0.4301,0.3173,BIMODAL
46,240.0,300.0,16.86818164305423,18.0,17.77,19.44,18.59,0.2637,0.3297,0.2731,BIMODAL
46,270.0,330.0,17.61347997706482,19.0,20.93,18.84,20.96,0.313,0.1401,0.2463,BIMODAL
46,300.0,360.0,14.992745027161604,20.0,11.81,17.7,11.76,0.2256,0.3206,0.2159,BIMODAL
46,330.0,390.0,13.819336311922438,19.0,15.62,15.32,15.55,0.5529,0.4141,0.507,BIMODAL
46,360.0,420.0,15.796155826147075,20.0,15.57,15.86,15.64,0.5006,0.6431,0.541,BIMODAL
46,390.0,450.0,15.5544655861735,19.0,15.1,15.19,15.13,0.5869,0.735,0.6466,BIMODAL
46,420.0,480.0,15.376789983235474,19.0,15.47,15.76,15.56,0.6746,0.5047,0.63,BIMODAL
47,0.0,60.0,23.02043496766725,20.0,22.33,21.79,22.13,0.6084,0.4945,0.5865,BIMODAL
47,30.0,90.0,23.111654316891563,18.0,22.26,21.1,22.32,0.5862,0.2969,0.5384,BIMODAL
47,60.0,120.0,21.790118378379375,21.0,17.71,14.56,17.7,0.3136,0.3802,0.3246,BIMODAL
47,90.0,150.0,21.700776287932246,21.0,22.18,22.42,22.22,0.4085,0.1947,0.3722,BIMODAL
47,120.0,180.0,22.038765518395927,21.0,21.96,21.97,21.96,0.6971,0.7064,0.6997,BIMODAL
47,150.0,210.0,22.00182471731089,20.0,22.06,21.96,22.02,0.6486,0.6235,0.6358,BIMODAL
47,180.0,240.0,21.988000714033006,19.0,22.0,21.99,22.0,0.4901,0.7021,0.5919,BIMODAL
47,210.0,270.0,22.02181380263572,22.0,22.0,21.99,22.0,0.7445,0.6493,0.7106,BIMODAL
47,240.0,300.0,22.03105372523391,22.0,22.01,21.99,22.0,0.7198,0.6586,0.6981,BIMODAL
47,270.0,330.0,21.97266309237207,20.0,21.89,22.0,21.95,0.702,0.7187,0.7101,BIMODAL
47,300.0,360.0,21.99413661297462,21.0,22.07,22.03,22.05,0.7355,0.8125,0.7631,BIMODAL
47,330.0,390.0,22.049559440973912,19.0,21.91,21.98,21.94,0.7344,0.7501,0.741,BIMODAL
47,360.0,420.0,21.986459240218977,20.0,22.09,22.0,22.05,0.7329,0.7933,0.7589,BIMODAL
47,390.0,450.0,21.988000714033,20.0,22.06,21.96,22.02,0.7178,0.7195,0.7186,BIMODAL
47,420.0,480.0,21.99875161973391,16.0,21.92,21.97,21.94,0.6305,0.7591,0.6862,BIMODAL
48,0.0,60.0,14.440087522881564,21.0,15.66,15.74,15.68,0.4059,0.4651,0.4276,BIMODAL
48,30.0,90.0,15.01487764160381,20.0,16.48,16.54,16.49,0.6456,0.4183,0.5797,BIMODAL
48,60.0,120.0,16.53575983386768,20.0,16.44,16.26,16.4,0.8331,0.6095,0.7662,BIMODAL
48,90.0,150.0,17.067290420179162,20.0,17.14,17.33,17.21,0.6261,0.7184,0.6605,BIMODAL
48,120.0,180.0,17.86120183277704,20.0,18.12,18.02,18.09,0.8112,0.7637,0.7966,BIMODAL
48,150.0,210.0,17.883461827072253,21.0,17.98,18.04,18.01,0.7431,0.7727,0.756,BIMODAL
48,180.0,240.0,17.23672546380936,21.0,17.43,17.55,17.45,0.8741,0.7972,0.8557,BIMODAL
48,210.0,270.0,17.02852311854997,20.0,16.37,16.34,16.37,0.7106,0.4601,0.6628,BIMODAL
48,240.0,300.0,18.232542094150162,20.0,17.35,17.35,17.35,0.5806,0.5267,0.5623,BIMODAL
48,270.0,330.0,18.618138989875256,19.0,17.46,17.32,17.42,0.7877,0.7207,0.7649,BIMODAL
48,300.0,360.0,18.667646354122326,21.0,18.99,19.02,19.0,0.7677,0.7837,0.7737,BIMODAL
48,330.0,390.0,19.1435069283159,20.0,18.98,18.94,18.97,0.8423,0.8927,0.8619,BIMODAL
48,360.0,420.0,19.68644053951528,20.0,19.7,19.76,19.73,0.7657,0.87,0.8055,BIMODAL
48,390.0,450.0,18.74629529585448,20.0,19.55,19.63,19.59,0.755,0.8309,0.7839,BIMODAL
48,420.0,480.0,18.062657838134733,22.0,15.33,15.57,15.35,0.4136,0.2536,0.3689,BIMODAL
49,0.0,60.0,16.852861668899596,16.0,16.55,16.53,16.54,0.7433,0.4555,0.6562,BIMODAL
49,30.0,90.0,16.092250141748067,18.0,16.15,16.3,16.18,0.6693,0.4701,0.6137,BIMODAL
49,60.0,120.0,15.932856207608658,18.0,15.91,15.76,15.87,0.7227,0.5738,0.6753,BIMODAL
49,90.0,150.0,16.67361432774004,17.0,16.32,15.96,16.27,0.6771,0.3657,0.5968,BIMODAL
49,120.0,180.0,18.67180599677586,17.0,15.29,15.47,15.38,0.4837,0.4064,0.473,BIMODAL
49,150.0,210.0,19.80925497694007,19.0,16.61,14.99,14.96,0.4849,0.526,0.5139,BIMODAL
49,180.0,240.0,18.98048255070696,20.0,17.59,17.12,17.51,0.4579,0.2513,0.4069,BIMODAL
49,210.0,270.0,17.4136726174006,18.0,16.69,16.61,16.67,0.6043,0.5433,0.5878,BIMODAL
49,240.0,300.0,15.736466946595652,17.0,15.27,14.19,15.27,0.5603,0.457,0.5409,BIMODAL
49,270.0,330.0,17.49091825080137,19.0,16.8,16.83,16.81,0.4139,0.318,0.3885,BIMODAL
49,300.0,360.0,18.263889401874817,17.0,17.28,14.04,17.28,0.7354,0.2654,0.6666,BIMODAL
49,330.0,390.0,17.118502958833112,18.0,17.59,17.71,17.61,0.76,0.6248,0.7265,BIMODAL
49,360.0,420.0,16.941976779230476,20.0,17.07,17.06,17.07,0.6394,0.5118,0.6093,BIMODAL
49,390.0,450.0,17.481345082694187,21.0,17.12,17.13,17.13,0.7098,0.6302,0.6909,BIMODAL
49,420.0,480.0,17.403783293109605,20.0,17.09,17.06,17.08,0.8189,0.6697,0.7779,BIMODAL
50,0.0,60.0,15.261633065722371,18.0,14.88,14.9,14.89,0.758,0.6929,0.7354,BIMODAL
50,30.0,90.0,15.736477723275723,19.0,15.43,15.39,15.42,0.7143,0.566,0.659,BIMODAL
50,60.0,120.0,15.832811923440985,22.0,16.09,16.09,16.09,0.8063,0.722,0.7777,BIMODAL
50,90.0,150.0,14.830584215693907,17.0,14.69,14.7,14.69,0.6447,0.5144,0.5977,BIMODAL
50,120.0,180.0,14.277366203627793,16.0,14.12,14.28,14.18,0.6792,0.7745,0.7164,BIMODAL
50,150.0,210.0,14.115138514547274,19.0,13.82,13.76,13.79,0.6512,0.6258,0.6472,BIMODAL
50,180.0,240.0,14.470261300820225,19.0,14.62,14.66,14.64,0.7174,0.7325,0.7211,BIMODAL
50,210.0,270.0,15.81921631066152,16.0,15.75,15.72,15.74,0.6341,0.439,0.5765,BIMODAL
50,240.0,300.0,14.948798358988721,19.0,14.94,15.97,15.11,0.573,0.5498,0.5641,BIMODAL
50,270.0,330.0,13.764486326339714,18.0,13.63,13.56,13.62,0.7362,0.6701,0.7165,BIMODAL
50,300.0,360.0,14.927509807717742,18.0,15.25,14.3,15.22,0.6586,0.4583,0.6217,BIMODAL
50,330.0,390.0,15.451203435332413,18.0,15.52,15.55,15.53,0.6912,0.6506,0.6714,BIMODAL
50,360.0,420.0,14.860944693574414,15.0,15.37,15.0,15.26,0.6687,0.7157,0.6762,BIMODAL
50,390.0,450.0,14.533994252697337,19.0,14.5,14.42,14.48,0.758,0.6573,0.718,BIMODAL
50,420.0,480.0,13.965578260601955,19.0,13.88,13.87,13.88,0.7081,0.3794,0.6252,BIMODAL
51,0.0,60.0,17.91360819620471,18.0,18.05,18.23,18.09,0.6371,0.5238,0.6076,BIMODAL
51,30.0,90.0,18.410239306084662,19.0,18.17,18.15,18.16,0.7421,0.6539,0.7142,BIMODAL
51,60.0,120.0,18.607958820198128,17.0,18.73,18.75,18.74,0.6854,0.4397,0.6173,BIMODAL
51,90.0,150.0,18.285252917516992,19.0,18.44,18.38,18.43,0.6892,0.4084,0.6129,BIMODAL
51,120.0,180.0,17.972940588759187,21.0,17.86,17.94,17.89,0.5476,0.5145,0.5328,BIMODAL
51,150.0,210.0,18.239079844917775,19.0,18.07,18.19,18.12,0.7225,0.7643,0.7387,BIMODAL
51,180.0,240.0,18.12239995616811,20.0,18.36,18.32,18.34,0.6563,0.6591,0.6538,BIMODAL
51,210.0,270.0,18.65284982995684,19.0,19.55,17.55,19.5,0.5815,0.5671,0.5416,BIMODAL
51,240.0,300.0,18.659296519160748,18.0,17.94,17.62,17.88,0.6655,0.5711,0.6356,BIMODAL
51,270.0,330.0,18.236445713193845,20.0,18.47,18.54,18.5,0.6501,0.5675,0.6212,BIMODAL
51,300.0,360.0,18.27302126727495,19.0,18.36,18.33,18.35,0.7919,0.746,0.7705,BIMODAL
51,330.0,390.0,18.254706944434194,18.0,18.28,18.35,18.31,0.6899,0.6536,0.677,BIMODAL
51,360.0,420.0,19.092189905592974,20.0,19.02,19.07,19.04,0.6032,0.5874,0.5957,BIMODAL
51,390.0,450.0,18.927444887966697,21.0,19.51,19.54,19.52,0.619,0.584,0.6021,BIMODAL
51,420.0,480.0,18.315020677028542,20.0,17.83,17.95,17.87,0.5781,0.586,0.5786,BIMODAL
52,0.0,60.0,18.203888791105847,19.0,18.39,18.36,18.38,0.6373,0.6999,0.6634,BIMODAL
52,30.0,90.0,18.856098567355367,22.0,17.76,17.78,17.77,0.5423,0.6382,0.59,BIMODAL
52,60.0,120.0,18.59007871808165,20.0,14.6,16.98,17.08,0.2884,0.3876,0.3216,BIMODAL
52,90.0,150.0,18.2247002008315,20.0,18.29,18.2,18.24,0.4959,0.8243,0.6301,BIMODAL
52,120.0,180.0,18.56819713303824,20.0,18.73,18.72,18.73,0.5722,0.6473,0.6009,BIMODAL
52,150.0,210.0,18.621974017819344,21.0,18.15,18.09,18.13,0.5936,0.6807,0.6227,BIMODAL
52,180.0,240.0,18.411555801931517,19.0,18.53,18.58,18.55,0.6751,0.7874,0.7191,BIMODAL
52,210.0,270.0,18.38633161315578,19.0,18.21,18.22,18.22,0.5794,0.7731,0.6602,BIMODAL
52,240.0,300.0,18.33865795241224,21.0,18.46,18.3,18.37,0.5518,0.7761,0.6402,BIMODAL
52,270.0,330.0,18.35611537725567,19.0,18.42,18.63,18.54,0.6384,0.7848,0.6939,BIMODAL
52,300.0,360.0,18.336101210619013,19.0,18.28,18.24,18.27,0.5209,0.5396,0.5286,BIMODAL
52,330.0,390.0,18.224700200831506,17.0,18.15,18.31,18.23,0.5259,0.6255,0.5532,BIMODAL
52,360.0,420.0,18.641259676063044,19.0,17.77,18.69,17.85,0.5303,0.4611,0.4947,BIMODAL
52,390.0,450.0,18.62198110444954,20.0,17.78,17.87,17.81,0.5253,0.7311,0.605,BIMODAL
52,420.0,480.0,18.3031903025456,19.0,17.78,18.26,18.04,0.5523,0.6605,0.5996,BIMODAL
53,0.0,60.0,23.18052115620197,18.0,21.19,13.25,13.31,0.2534,0.4032,0.3894,BIMODAL
53,30.0,90.0,19.90089624428847,17.0,19.64,19.6,19.65,0.3678,0.2015,0.3163,BIMODAL
53,60.0,120.0,19.44266123788298,19.0,19.79,16.66,19.76,0.2919,0.2909,0.2052,BIMODAL
53,90.0,150.0,20.2257502222854,19.0,20.1,18.51,20.03,0.3288,0.209,0.2866,BIMODAL
53,120.0,180.0,20.14507375028712,20.0,20.28,20.68,20.41,0.3839,0.2797,0.3474,BIMODAL
53,150.0,210.0,19.751432801653813,20.0,19.92,19.89,19.91,0.4535,0.4393,0.4484,BIMODAL
53,180.0,240.0,19.4356528605983,21.0,19.69,19.66,19.67,0.3139,0.4633,0.3843,BIMODAL
53,210.0,270.0,19.147648386919734,21.0,18.32,18.78,18.55,0.4295,0.4283,0.4246,BIMODAL
53,240.0,300.0,18.42002296586802,19.0,19.39,18.98,19.19,0.436,0.406,0.4219,BIMODAL
53,270.0,330.0,18.479083741215465,20.0,18.22,18.3,18.25,0.4401,0.505,0.4668,BIMODAL
53,300.0,360.0,17.801110359472123,21.0,16.72,17.23,16.83,0.3402,0.3203,0.3316,BIMODAL
53,330.0,390.0,18.253400143163926,19.0,18.89,18.29,18.71,0.4485,0.4699,0.4458,BIMODAL
53,360.0,420.0,18.793087931821134,22.0,19.24,19.26,19.24,0.4742,0.3337,0.4342,BIMODAL
53,390.0,450.0,18.98333694260655,23.0,18.83,18.79,18.82,0.6016,0.2786,0.521,BIMODAL
53,420.0,480.0,18.695047219640887,22.0,18.3,18.42,18.32,0.4385,0.4863,0.4477,BIMODAL
