file,duration_s,hr_ecg,spo2,rr_legacy,rr_ecg_old,rr_multimodal,mode,quality
20260802_222016_Bed06.csv,60.0,72.18,100.0,20.0,22.26,22.27,BIMODAL,0.1621
20260802_233534_Bed11.csv,60.0,67.09,98.19,17.0,17.73,14.45,BIMODAL,0.4411
20260802_234631_Bed01.csv,60.0,75.54,98.17,18.0,22.7,22.75,BIMODAL,0.3983
20260802_234954_Bed04.csv,60.0,92.28,97.67,19.0,18.94,19.31,BIMODAL,0.2919
20260802_235224_Bed12.csv,60.0,80.99,97.98,19.0,23.5,23.46,BIMODAL,0.4556
20260803_022317_BedA1.csv,10.0,127.94,97.72,30.0,0.0,10.08,BIMODAL,0.1134
20260803_161445_Bed04.csv,60.0,78.58,97.85,18.0,31.74,14.07,BIMODAL,0.2722
20260803_161905_Bed05.csv,60.0,78.21,100.0,23.0,22.03,21.98,BIMODAL,0.6415
20260803_162527_Bed12.csv,60.0,48.62,98.2,10.0,14.15,11.19,BIMODAL,0.3464
20260803_165308_Bed03.csv,60.0,77.2,100.0,16.0,14.7,14.72,BIMODAL,0.2713
20260803_165852_Bed11.csv,60.0,75.19,97.63,18.0,13.38,11.69,BIMODAL,0.394
20260803_225627_Bed01.csv,60.0,82.21,100.0,17.0,24.92,24.79,BIMODAL,0.323
20260803_225802_Bed01.csv,60.0,74.16,97.64,18.0,20.33,20.31,BIMODAL,0.6612
20260803_230017_Bed07.csv,60.0,71.18,97.83,20.0,19.74,19.83,BIMODAL,0.6323
20260814_144741_Bed06.csv,60.0,69.18,99.53,9.0,18.81,13.25,BIMODAL,0.3286
20260814_145034_Bed12.csv,60.0,73.19,97.64,13.0,18.35,19.51,BIMODAL,0.2893
20260814_145200_Bed12.csv,60.0,72.25,97.78,13.0,12.71,17.08,BIMODAL,0.2746
20260814_145314_Bed11.csv,60.0,63.16,99.66,8.0,12.1,12.11,BIMODAL,0.3638
20260814_145435_Bed06.csv,60.0,83.21,99.51,18.0,20.61,11.77,BIMODAL,0.1004
20260814_145630_Bed10.csv,60.0,70.19,99.79,12.0,11.3,17.84,ECG_ONLY,0.2688
20260814_145825_Bed11.csv,60.0,84.21,97.64,19.0,10.61,23.29,BIMODAL,0.2811
data_test.csv,60.0,77.01,97.68,21.0,19.28,19.23,BIMODAL,0.3227
