file,gt_rr,gt_hr,rr_legacy,rr_ecg_fusion,rr_ppg_fusion,rr_multimodal,quality_multi,mode_multi
Data1.csv,21.0,81.0,22.15,21.78,12.15,21.75,0.5354,BIMODAL
Data2.csv,20.0,80.0,24.0,19.12,30.14,18.12,0.3458,BIMODAL
Data3.csv,21.0,72.0,19.38,19.05,18.49,19.15,0.3632,BIMODAL
Data4.csv,19.0,74.0,21.23,19.72,19.49,19.58,0.3498,BIMODAL
Data5.csv,20.0,81.0,23.08,20.45,19.99,20.42,0.4587,BIMODAL
Data6.csv,23.0,73.0,19.38,13.38,16.29,13.46,0.165,BIMODAL
Data7.csv,22.0,73.0,23.08,17.63,12.89,17.59,0.3066,BIMODAL
Data8.csv,21.0,80.0,23.08,26.39,29.6,26.45,0.4011,BIMODAL
Data9.csv,24.0,67.0,17.54,21.02,28.13,22.87,0.2394,BIMODAL
Data10.csv,23.0,67.0,23.08,26.41,26.37,26.7,0.3386,BIMODAL
Data11.csv,26.0,73.0,20.31,27.08,27.07,27.06,0.4323,BIMODAL
Data12.csv,19.0,88.0,19.38,19.96,19.0,19.29,0.8044,BIMODAL
Data13.csv,24.0,105.0,15.69,15.02,24.01,24.01,0.8397,BIMODAL
Data14.csv,26.0,118.0,20.31,26.0,26.0,26.01,0.8602,BIMODAL
Data15.csv,14.0,62.0,12.0,14.02,14.0,14.0,0.6946,BIMODAL
Data16.csv,12.0,58.0,16.62,18.03,11.91,18.02,0.5212,BIMODAL
Data17.csv,22.0,110.0,19.38,19.96,21.98,21.99,0.6428,BIMODAL
Data18.csv,15.0,68.0,19.38,19.98,14.99,19.94,0.4274,BIMODAL
Data19.csv,21.0,96.0,12.0,11.99,21.01,12.01,0.6156,BIMODAL
Data20.csv,17.0,76.0,23.08,24.03,17.01,17.0,0.7246,BIMODAL
Data21.csv,25.0,114.0,23.08,24.11,25.01,24.82,0.8326,BIMODAL
